userPrincipalName,displayName,surname,mail,givenName,id,userType,jobTitle,department,accountEnabled,usageLocation,streetAddress,state,country,officeLocation,city,postalCode,telephoneNumber,mobilePhone,alternateEmailAddress,ageGroup,consentProvidedForMinor,legalAgeGroupClassification,companyName,creationType,directorySynced,invitationState,lastSignInDate,identityIssuer
Distle@msredteam.onmicrosoft.com,Acevedo  Sandra,Acevedo,,Sandra,17b97733-8725-45b7-91f5-4ab3322ab201,Member,Geriatric nurse,,True,,3370 Meadowcrest Lane,,,,Grayson,,606-475-4526,,,,,,,,True,,,msredteam.onmicrosoft.com
Ciallinall@msredteam.onmicrosoft.com,Adams  Jamie,Adams,,Jamie,a0f953df-05cf-4642-8739-b0de2fbd9cc4,Member,Federal Bureau of Investigation agent,,True,,1013 Fairmont Avenue,,,,Holliday,,660-266-7934,,,,,,,,True,,,msredteam.onmicrosoft.com
Sectirepas1947@msredteam.onmicrosoft.com,Adkisson  Michael,Adkisson,,Michael,966a0b4a-f922-4f43-96f3-455e64b001a2,Member,Forest fire prevention specialist,,True,,2582 Pearl Street,,,,Folsom,,916-355-9031,,,,,,,,True,,,msredteam.onmicrosoft.com
Andled@msredteam.onmicrosoft.com,Aguiar  Justin,Aguiar,,Justin,40b94f31-b33a-4cf2-adfa-3ab6f7f303b2,Member,Medical laboratory technologist,,True,,2447 Elsie Drive,,,,Aberdeen,,605-225-1133,,,,,,,,True,,,msredteam.onmicrosoft.com
Meadeliander@msredteam.onmicrosoft.com,Aguilar  Helen,Aguilar,,Helen,cdb4a958-1348-4fbc-b3a3-f208610ff1b8,Member,Composing machine tender,,True,,1049 Green Hill Road,,,,Bentonville,,479-271-7679,,,,,,,,True,,,msredteam.onmicrosoft.com
Senou1947@msredteam.onmicrosoft.com,Albano  Mariana,Albano,,Mariana,6de9b34e-1456-4e65-9737-c5f74c225729,Member,Trader,,True,,4793 Lynn Street,,,,Cambridge,,617-226-4391,,,,,,,,True,,,msredteam.onmicrosoft.com
Wentented@msredteam.onmicrosoft.com,Alexander  Andrea,Alexander,,Andrea,efd941ff-e4a3-4d65-9726-1cbddfe019d6,Member,Recreation worker,,True,,4526 Bombardier Way,,,,Ann Arbor,,734-995-2713,,,,,,,,True,,,msredteam.onmicrosoft.com
Dethe1966@msredteam.onmicrosoft.com,Allen  Justin,Allen,,Justin,59852df6-db0f-4db6-a942-5f46635ac038,Member,Pointer,,True,,739 Oakmound Road,,,,Hickory Hills,,773-318-2733,,,,,,,,True,,,msredteam.onmicrosoft.com
Saire1943@msredteam.onmicrosoft.com,Ambriz  Wanda,Ambriz,,Wanda,8edd51b0-d75c-4f1e-afa3-e14e02887430,Member,Airport tower controller,,True,,4192 Wayback Lane,,,,Huntington Station,,631-427-1637,,,,,,,,True,,,msredteam.onmicrosoft.com
Wergeled@msredteam.onmicrosoft.com,Andersen  Jean,Andersen,,Jean,d8f363ae-8514-42bf-a31b-b9fbf0be9636,Member,Bookbinder,,True,,2896 Braxton Street,,,,Rockford,,815-489-1212,,,,,,,,True,,,msredteam.onmicrosoft.com
Onink1968@msredteam.onmicrosoft.com,Anderson  Robert,Anderson,,Robert,6b247894-918a-472a-897d-7847da4fede3,Member,Caregiver,,True,,1083 Perine Street,,,,Washington,,703-831-6663,,,,,,,,True,,,msredteam.onmicrosoft.com
Jecrer@msredteam.onmicrosoft.com,Anglin  Letitia,Anglin,,Letitia,12e4db15-b840-40c4-af4a-d7c112afcf8f,Member,Photographic processing machine operator,,True,,3986 Fantages Way,,,,Dark Harbor,,207-734-6640,,,,,,,,True,,,msredteam.onmicrosoft.com
Thomenjobts@msredteam.onmicrosoft.com,Appleton  Karen,Appleton,,Karen,aacbf90d-8da0-458c-8a94-a366379dd530,Member,Veterinary technician,,True,,687 Simpson Square,,,,Oklahoma City,,580-555-6990,,,,,,,,True,,,msredteam.onmicrosoft.com
Agens1997@msredteam.onmicrosoft.com,Arana  Lela,Arana,,Lela,06f9cb24-961b-4144-9be3-a8c4ca21fc5c,Member,Substance abuse social worker,,True,,4779 Meadow Drive,,,,Great Falls,,406-216-4015,,,,,,,,True,,,msredteam.onmicrosoft.com
Keirock@msredteam.onmicrosoft.com,Bagley  Elinor,Bagley,,Elinor,7a44b761-c965-4ccd-8c0d-c847b13459f6,Member,Recruitment manager,,True,,3034 Beechwood Avenue,,,,Plainfield,,908-753-7504,,,,,,,,True,,,msredteam.onmicrosoft.com
Entile@msredteam.onmicrosoft.com,Bailey  Vera,Bailey,,Vera,e5716bcb-fa35-4b69-ab85-ba4f9149b008,Member,Card puncher,,True,,4917 Valley Street,,,,Pennsauken,,856-834-9939,,,,,,,,True,,,msredteam.onmicrosoft.com
Gnalluggive@msredteam.onmicrosoft.com,Baker  Monte,Baker,,Monte,6ed8b37c-12b4-4357-aaa2-4ba6ddb160e5,Member,Corporate office services manager,,True,,2874 Timberbrook Lane,,,,Mesa,,970-268-3261,,,,,,,,True,,,msredteam.onmicrosoft.com
Suff1939@msredteam.onmicrosoft.com,Baldwin  Yolanda,Baldwin,,Yolanda,dcdf714c-93cc-40a6-84f1-e10321cd4d21,Member,Survey researcher,,True,,3309 Wood Street,,,,Saginaw,,989-216-0152,,,,,,,,True,,,msredteam.onmicrosoft.com
Sught1959@msredteam.onmicrosoft.com,Banks  Ginger,Banks,,Ginger,f99accaf-8e5e-408c-8390-7303df00990e,Member,Business office assistant,,True,,3213 Godfrey Road,,,,New York,,212-582-4078,,,,,,,,True,,,msredteam.onmicrosoft.com
Fairstionly@msredteam.onmicrosoft.com,Barbara  Linda,Barbara,,Linda,d0973aee-9e2b-4ca3-9ca7-62a0ab0f74d3,Member,Stratigrapher,,True,,140 Perine Street,,,,Mclean,,703-747-6958,,,,,,,,True,,,msredteam.onmicrosoft.com
Porewhis1982@msredteam.onmicrosoft.com,Barone  James,Barone,,James,39a64350-4889-4246-b18a-7298f8143963,Member,Textile knitting and weaving machine operator,,True,,2218 Pinnickinick Street,,,,Olympia,,360-725-8427,,,,,,,,True,,,msredteam.onmicrosoft.com
Winiter56@msredteam.onmicrosoft.com,Baty  Marty,Baty,,Marty,fd135868-d116-45c0-ae71-355a82b1fc82,Member,Restaurant chef,,True,,2426 Elk Creek Road,,,,Marietta,,770-514-7650,,,,,,,,True,,,msredteam.onmicrosoft.com
Scrutunarace64@msredteam.onmicrosoft.com,Bearden  Israel,Bearden,,Israel,925202a6-a35e-444c-a492-cfcffcf4674b,Member,Textile presser,,True,,2750 Anmoore Road,,,,Brooklyn,,718-783-4845,,,,,,,,True,,,msredteam.onmicrosoft.com
Erybousbaby@msredteam.onmicrosoft.com,Bell  Thomas,Bell,,Thomas,3b621271-68e5-41b3-9e76-54835b50f2e5,Member,Brace maker,,True,,2935 Kelley Road,,,,Gulfport,,228-342-2668,,,,,,,,True,,,msredteam.onmicrosoft.com
Mantell@msredteam.onmicrosoft.com,Bennett  Helen,Bennett,,Helen,4bf766f0-69fc-4a73-a639-ccd1f8b8aae9,Member,"Molding, coremaking, and casting machine tender",,True,,1858 Webster Street,,,,Metuchen,,732-548-0890,,,,,,,,True,,,msredteam.onmicrosoft.com
Tione1948@msredteam.onmicrosoft.com,Bequette  Wayne,Bequette,,Wayne,05c56c06-faaa-4ba8-9b46-7829dc5cedaf,Member,Payroll analyst,,True,,934 Sunny Glen Lane,,,,Cleveland,,216-736-8468,,,,,,,,True,,,msredteam.onmicrosoft.com
Butrarstabor@msredteam.onmicrosoft.com,Berg  Ruben,Berg,,Ruben,b3b59956-f381-4194-832d-3154b3d4ca77,Member,Recreational vehicle service technician,,True,,4291 Seltice Way,,,,Twin Falls,,208-731-8999,,,,,,,,True,,,msredteam.onmicrosoft.com
Moused@msredteam.onmicrosoft.com,Bertsch  Lucille,Bertsch,,Lucille,2c311edc-f556-4763-bdbe-4bcc2a20a471,Member,Construction mechanic,,True,,288 Beech Street,,,,Oakland,,925-871-5273,,,,,,,,True,,,msredteam.onmicrosoft.com
Founinge@msredteam.onmicrosoft.com,Blandon  Erin,Blandon,,Erin,5008c0e6-a21a-4f64-8d68-8e0dc622efdf,Member,Marine biologist,,True,,2020 Burke Street,,,,Boston,,781-302-4987,,,,,,,,True,,,msredteam.onmicrosoft.com
Africured1959@msredteam.onmicrosoft.com,Blume  Mariam,Blume,,Mariam,d09ca00b-1545-4ed0-a20d-104cc1075b25,Member,Structural metal fabricator,,True,,1116 Scott Street,,,,New York,,845-530-5319,,,,,,,,True,,,msredteam.onmicrosoft.com
Hinface@msredteam.onmicrosoft.com,Bodkin  Chris,Bodkin,,Chris,087b789b-da6e-4935-9564-d86f8638991b,Member,Building consultant,,True,,4065 Eva Pearl Street,,,,Baton Rouge,,225-701-5795,,,,,,,,True,,,msredteam.onmicrosoft.com
Tionant@msredteam.onmicrosoft.com,Bostic  John,Bostic,,John,b336ba6a-3f7f-4265-94f6-d88ed35a318f,Member,Surgical technician,,True,,1597 Patterson Fork Road,,,,Chicago,,312-612-8986,,,,,,,,True,,,msredteam.onmicrosoft.com
Therfuriour@msredteam.onmicrosoft.com,Brace  Jacob,Brace,,Jacob,51313332-ca0d-4ea7-9228-65609d79ea3b,Member,Automation and control technician,,True,,308 Andell Road,,,,Worthington,,614-946-8494,,,,,,,,True,,,msredteam.onmicrosoft.com
Abouldis@msredteam.onmicrosoft.com,Branch  Judith,Branch,,Judith,769c7543-8638-4e0e-a0a3-c1c25ab6590b,Member,Audiologist,,True,,435 Holden Street,,,,San Diego,,619-280-0058,,,,,,,,True,,,msredteam.onmicrosoft.com
Rismustriog@msredteam.onmicrosoft.com,Brito  Grace,Brito,,Grace,2231b28b-5ead-45fc-9b7d-241ee0d7de91,Member,"Molding, coremaking, and casting machine operator",,True,,2558 Kennedy Court,,,,Westborough,,774-276-6886,,,,,,,,True,,,msredteam.onmicrosoft.com
Meaver@msredteam.onmicrosoft.com,Britt  Anna,Britt,,Anna,59a3324d-8c96-4da6-8d63-030c726f9fad,Member,"Furnace, kiln, oven, drier, and kettle tender",,True,,844 Rose Street,,,,Chicago,,708-249-9626,,,,,,,,True,,,msredteam.onmicrosoft.com
Thappect@msredteam.onmicrosoft.com,Brody  Kathi,Brody,,Kathi,72b060a6-7e92-46b1-a1ed-789acb814926,Member,Correctional treatment specialist,,True,,3464 Stoney Lane,,,,Richardson,,972-952-6999,,,,,,,,True,,,msredteam.onmicrosoft.com
Dichatithat@msredteam.onmicrosoft.com,Bronstein  David,Bronstein,,David,e1599868-93d6-447f-8757-e2cd35ca4ae8,Member,"Cutting, punching, and press machine setter",,True,,1567 Maxwell Street,,,,Hartford,,860-815-1378,,,,,,,,True,,,msredteam.onmicrosoft.com
Aultagrags33@msredteam.onmicrosoft.com,Brown  Kimberly,Brown,,Kimberly,c7ccdd53-4942-4546-aae2-a1c9e6d4167a,Member,Molder,,True,,4411 Nixon Avenue,,,,Johnson City,,423-212-1138,,,,,,,,True,,,msredteam.onmicrosoft.com
Maland1964@msredteam.onmicrosoft.com,Brown  Philip,Brown,,Philip,6d5fb5fc-d858-4b28-a29d-78874d9a8cb3,Member,Compositor,,True,,1640 Oakridge Farm Lane,,,,Milwaukee,,262-395-3631,,,,,,,,True,,,msredteam.onmicrosoft.com
Priback@msredteam.onmicrosoft.com,Buchanan  Carmen,Buchanan,,Carmen,5b09fa24-0a53-4c4f-92b9-42a6e24a726a,Member,Human services manager,,True,,2366 Pine Garden Lane,,,,Alpharetta,,770-667-1017,,,,,,,,True,,,msredteam.onmicrosoft.com
Hick1976@msredteam.onmicrosoft.com,Buckle  Frank,Buckle,,Frank,2392e2f6-14e6-4ea0-9d06-269c57ea8f9d,Member,Multiple machine tool operator,,True,,657 Hart Ridge Road,,,,Sheridan,,989-261-1341,,,,,,,,True,,,msredteam.onmicrosoft.com
Entwes@msredteam.onmicrosoft.com,Burke  Tom,Burke,,Tom,c181ae49-06d5-4f77-ae46-c0beaa77713a,Member,Religious activities and education director,,True,,4760 Martha Street,,,,Rough Rock,,928-728-0544,,,,,,,,True,,,msredteam.onmicrosoft.com
Whathim@msredteam.onmicrosoft.com,Burns  Rodney,Burns,,Rodney,4dc79005-cd89-4fa8-8557-1a2ced9eeb6a,Member,Packager,,True,,2692 Despard Street,,,,Atlanta,,404-676-3379,,,,,,,,True,,,msredteam.onmicrosoft.com
Creeidell@msredteam.onmicrosoft.com,Burns  Toni,Burns,,Toni,b92fb6fe-da49-4c89-adce-e5b0e66dd877,Member,Gaming change person,,True,,4464 Single Street,,,,Boston,,781-603-5782,,,,,,,,True,,,msredteam.onmicrosoft.com
Ruen1996@msredteam.onmicrosoft.com,Burse  James,Burse,,James,239af121-ded6-4883-abfc-a6f64eadce39,Member,Automated teller machine technician,,True,,1639 Horizon Circle,,,,Tacoma,,253-677-6564,,,,,,,,True,,,msredteam.onmicrosoft.com
Ingend1943@msredteam.onmicrosoft.com,Caine  Luke,Caine,,Luke,e2837b56-bd8d-4a8f-9aeb-ed2e1314dfeb,Member,Proofreader,,True,,975 Wines Lane,,,,Houston,,832-328-7956,,,,,,,,True,,,msredteam.onmicrosoft.com
Ahme1969@msredteam.onmicrosoft.com,Cameron  Jeffrey,Cameron,,Jeffrey,00d4080e-574c-488d-bed6-cb8dcd66e664,Member,Career counselor,,True,,2475 Jerry Toth Drive,,,,Nunapitchuk,,907-527-8086,,,,,,,,True,,,msredteam.onmicrosoft.com
Wereforaten1943@msredteam.onmicrosoft.com,Cannon  Timothy,Cannon,,Timothy,4e70fa18-1996-4ab6-8cb0-94ec6a323a28,Member,Optical goods worker,,True,,2961 Shinn Street,,,,New York,,212-763-2644,,,,,,,,True,,,msredteam.onmicrosoft.com
Tworames@msredteam.onmicrosoft.com,Capps  Donna,Capps,,Donna,4bb2ad5e-c155-497b-a29e-10b292d1232e,Member,Electrical power line repairer,,True,,3247 Green Street,,,,Franklin,,615-595-4624,,,,,,,,True,,,msredteam.onmicrosoft.com
Accar1971@msredteam.onmicrosoft.com,Cardwell  Marion,Cardwell,,Marion,6b0e7254-249b-4625-8f6e-9131c2c029e0,Member,Credit authorizer,,True,,2825 Boggess Street,,,,Fort Worth,,940-206-1405,,,,,,,,True,,,msredteam.onmicrosoft.com
Pered1996@msredteam.onmicrosoft.com,Cargill  Wally,Cargill,,Wally,31043271-9c30-4008-b430-b2591b5dea0d,Member,Vegetable cook,,True,,1376 Pike Street,,,,San Diego,,858-487-8658,,,,,,,,True,,,msredteam.onmicrosoft.com
Bied1966@msredteam.onmicrosoft.com,Carlisle  Jimmy,Carlisle,,Jimmy,6c67127e-a2b0-4fee-90c5-68c449748165,Member,Aircraft pilot,,True,,1036 Collins Street,,,,Tampa,,813-833-1148,,,,,,,,True,,,msredteam.onmicrosoft.com
Witheoper@msredteam.onmicrosoft.com,Carr  Joel,Carr,,Joel,27f94528-43de-47e5-adee-16b899ca6bfe,Member,Bindery worker,,True,,4551 Jail Drive,,,,Pacific Palisades,,310-230-6967,,,,,,,,True,,,msredteam.onmicrosoft.com
Libing@msredteam.onmicrosoft.com,Carter  Vickie,Carter,,Vickie,f1b05e13-3538-49af-bdc2-2dba3c0a2341,Member,Earth driller,,True,,1078 Cambridge Court,,,,Fayetteville,,479-879-4366,,,,,,,,True,,,msredteam.onmicrosoft.com
Shearompal1995@msredteam.onmicrosoft.com,Chase  Richard,Chase,,Richard,1a2efb0c-c1c0-44bf-82cf-037df34ca464,Member,Realtor,,True,,4647 Lowndes Hill Park Road,,,,Bakersfield,,661-378-8092,,,,,,,,True,,,msredteam.onmicrosoft.com
Thister@msredteam.onmicrosoft.com,Chavez  Rose,Chavez,,Rose,ccede723-a240-4345-b8a2-3bdee1c83058,Member,Surgical technician,,True,,861 Swick Hill Street,,,,Charlotte,,980-329-6157,,,,,,,,True,,,msredteam.onmicrosoft.com
Bettly@msredteam.onmicrosoft.com,Cheever  Travis,Cheever,,Travis,2bcc0e3e-64eb-4360-9519-111c93f681d4,Member,Administrative specialist,,True,,4274 Johnny Lane,,,,Milwaukee,,414-272-3812,,,,,,,,True,,,msredteam.onmicrosoft.com
Aboy1973@msredteam.onmicrosoft.com,Chism  Bernice,Chism,,Bernice,ad57086e-4546-404c-948b-7944a1f45194,Member,Graduate teaching assistant,,True,,3585 Nuzum Court,,,,Buffalo,,716-501-3912,,,,,,,,True,,,msredteam.onmicrosoft.com
Wrout1972@msredteam.onmicrosoft.com,Chism  Lloyd,Chism,,Lloyd,2dbf2a41-22d3-4a86-8f27-77b8edf0caea,Member,Human resources clerk,,True,,825 Philli Lane,,,,Haskell,,918-482-8008,,,,,,,,True,,,msredteam.onmicrosoft.com
Stlece@msredteam.onmicrosoft.com,Clark  Talisha,Clark,,Talisha,0dee3822-cfb2-443f-82ea-5115045c1d54,Member,Benefits administrator,,True,,3920 Prudence Street,,,,Detroit,,313-310-0814,,,,,,,,True,,,msredteam.onmicrosoft.com
Loyarround1985@msredteam.onmicrosoft.com,Cleary  James,Cleary,,James,d10fefe5-1ced-4f24-a215-444dd0023b15,Member,Real estate assessor,,True,,4082 Stiles Street,,,,Pittsburgh,,412-606-9503,,,,,,,,True,,,msredteam.onmicrosoft.com
Womilorge72@msredteam.onmicrosoft.com,Coates  Edward,Coates,,Edward,997279e5-317f-4868-b823-6142f5796df8,Member,Appraiser,,True,,2458 Jerry Toth Drive,,,,Togiak,,907-493-6097,,,,,,,,True,,,msredteam.onmicrosoft.com
Glikeels@msredteam.onmicrosoft.com,Coffey  Vanessa,Coffey,,Vanessa,6f7e3923-1787-4cc9-aafe-8d0b74a864f7,Member,Industrial production manager,,True,,413 Dovetail Drive,,,,Arlington Heights,,847-275-6559,,,,,,,,True,,,msredteam.onmicrosoft.com
Tray1979@msredteam.onmicrosoft.com,Coleman  Michael,Coleman,,Michael,bbf87015-cd34-487e-83fc-5838697f48c2,Member,Card puncher,,True,,4822 Beechwood Drive,,,,Baltimore,,410-972-5973,,,,,,,,True,,,msredteam.onmicrosoft.com
Crulton@msredteam.onmicrosoft.com,Coleman  Patrick,Coleman,,Patrick,a36470df-0b1f-4bb9-b54b-f4f4dbba3847,Member,Credentials specialist,,True,,1626 Fairfield Road,,,,Menomonee Falls,,262-703-0323,,,,,,,,True,,,msredteam.onmicrosoft.com
Buten1967@msredteam.onmicrosoft.com,Colwell  Charles,Colwell,,Charles,38d4934f-109d-4d5e-81b8-ae283ecb5ca6,Member,Job training specialist,,True,,1041 Charter Street,,,,Fontana,,913-849-7484,,,,,,,,True,,,msredteam.onmicrosoft.com
Itand1953@msredteam.onmicrosoft.com,Conway  Marlene,Conway,,Marlene,bd4872f4-fbb2-430b-8e38-a979e720a6a8,Member,Able seaman,,True,,1481 Gandy Street,,,,Saint Louis,,314-999-7553,,,,,,,,True,,,msredteam.onmicrosoft.com
Havall@msredteam.onmicrosoft.com,Cormier  Melvin,Cormier,,Melvin,8932b196-1c07-4a15-a29c-df91be8e0f8f,Member,Sales worker,,True,,527 Eastland Avenue,,,,Laurel,,601-422-7783,,,,,,,,True,,,msredteam.onmicrosoft.com
Oulthe@msredteam.onmicrosoft.com,Cornell  Jacqueline,Cornell,,Jacqueline,f1689276-f3e8-4706-bb2e-11b7ddb07a37,Member,Boat operator,,True,,4453 Peck Court,,,,Newport Beach,,949-467-7348,,,,,,,,True,,,msredteam.onmicrosoft.com
Amilers@msredteam.onmicrosoft.com,Cote  Janie,Cote,,Janie,f0f7a650-1da4-4dae-879f-0e04a0ce2de4,Member,Poultry farmer,,True,,3035 Friendship Lane,,,,Santa Clara,,408-696-2040,,,,,,,,True,,,msredteam.onmicrosoft.com
Guallf@msredteam.onmicrosoft.com,Crim  Michael,Crim,,Michael,192b66a9-a71f-4de2-8313-ae2772f90620,Member,Criminal investigator,,True,,3069 Simpson Square,,,,Lone Grove,,580-657-2407,,,,,,,,True,,,msredteam.onmicrosoft.com
Morguitainne@msredteam.onmicrosoft.com,Crouse  Michael,Crouse,,Michael,1cf615be-86ae-42e8-be83-a7f447985a19,Member,Community dietitian,,True,,4242 Jenna Lane,,,,Cincinnati,,513-985-3511,,,,,,,,True,,,msredteam.onmicrosoft.com
Warsted@msredteam.onmicrosoft.com,Crowder  John,Crowder,,John,69d2f4d0-2894-497c-a5a1-dc66b88b228b,Member,Judge,,True,,670 Alfred Drive,,,,Brooklyn,,718-230-1064,,,,,,,,True,,,msredteam.onmicrosoft.com
Poncelf59@msredteam.onmicrosoft.com,Crum  Tracey,Crum,,Tracey,2cfb94d3-f0d6-44b7-b306-a86f06aae2cb,Member,Medical scientist,,True,,585 Conifer Drive,,,,Seattle,,425-507-2857,,,,,,,,True,,,msredteam.onmicrosoft.com
Shars1945@msredteam.onmicrosoft.com,Crumley  Daniel,Crumley,,Daniel,8c0cea37-454f-4d7d-a988-d0af381bd99f,Member,Training specialist,,True,,4067 Oak Drive,,,,Schenectady,,518-631-4481,,,,,,,,True,,,msredteam.onmicrosoft.com
Troses@msredteam.onmicrosoft.com,Curtis  Judy,Curtis,,Judy,03b53356-15cc-4a38-aea4-5beb593dda39,Member,Radio and telecommunications equipment repairer,,True,,2956 Cody Ridge Road,,,,Drummond,,580-493-6541,,,,,,,,True,,,msredteam.onmicrosoft.com
Witich@msredteam.onmicrosoft.com,Dalton  Chris,Dalton,,Chris,7419aed3-a394-481f-9062-66191abfc91e,Member,Medical doctor,,True,,3574 Ella Street,,,,Fremont,,650-230-5776,,,,,,,,True,,,msredteam.onmicrosoft.com
Twongive@msredteam.onmicrosoft.com,Damron  Barbara,Damron,,Barbara,6f56384b-398b-4ad9-aa95-545664a34623,Member,Employee development manager,,True,,4794 Warner Street,,,,Miami,,305-938-6748,,,,,,,,True,,,msredteam.onmicrosoft.com
Salls1937@msredteam.onmicrosoft.com,Danley  Frank,Danley,,Frank,6b73014f-cc3e-45f9-b632-4ce0aeaaaad0,Member,Plant scientist,,True,,2868 Nash Street,,,,Detroit,,313-259-8474,,,,,,,,True,,,msredteam.onmicrosoft.com
Siteve@msredteam.onmicrosoft.com,Davenport  Richard,Davenport,,Richard,e43977f3-7b05-40e3-b037-6e8816da52bb,Member,U.S. Border Patrol agent,,True,,4473 Deer Ridge Drive,,,,Riverdale,,973-616-4395,,,,,,,,True,,,msredteam.onmicrosoft.com
Hitle1934@msredteam.onmicrosoft.com,Davies  Troy,Davies,,Troy,2f2b64bb-a767-4036-919b-e05aa7713a62,Member,Physicist,,True,,4509 Summit Park Avenue,,,,Southfield,,248-968-3620,,,,,,,,True,,,msredteam.onmicrosoft.com
Wheraill@msredteam.onmicrosoft.com,Delafuente  Barry,Delafuente,,Barry,9b87b15c-910e-4194-8c6d-a3d9bfd86fd2,Member,Promotions specialist,,True,,1522 Armory Road,,,,Fair Bluff,,910-649-5682,,,,,,,,True,,,msredteam.onmicrosoft.com
Quission@msredteam.onmicrosoft.com,Delgado  Christopher,Delgado,,Christopher,091817ef-a5df-4045-906d-06015189d15f,Member,Banquet manager,,True,,1684 Traders Alley,,,,Kansas City,,816-368-1398,,,,,,,,True,,,msredteam.onmicrosoft.com
Meated@msredteam.onmicrosoft.com,Deroche  Thomas,Deroche,,Thomas,9f10ee3a-3b04-4ef5-b066-f99707a3747c,Member,Electrical and electronics engineering technician,,True,,3710 Thrash Trail,,,,Texarkana,,903-614-2848,,,,,,,,True,,,msredteam.onmicrosoft.com
Menestor@msredteam.onmicrosoft.com,Diaz  Alberto,Diaz,,Alberto,e3fb2140-446b-464f-932d-1d924eeb990c,Member,"Cutting, punching, and press machine operator",,True,,2011 Lowes Alley,,,,Columbus,,740-314-1825,,,,,,,,True,,,msredteam.onmicrosoft.com
Alsorombicks81@msredteam.onmicrosoft.com,Dietrich  Carroll,Dietrich,,Carroll,e77d12ee-3ac1-42c0-a19c-08d1f1afb9ab,Member,Fund manager,,True,,3647 Maryland Avenue,,,,Polk City,,727-560-9582,,,,,,,,True,,,msredteam.onmicrosoft.com
Gotin1963@msredteam.onmicrosoft.com,Dillon  Gina,Dillon,,Gina,b76ef784-b6d0-4bba-8c87-5dc8a62b5449,Member,Airframe mechanic,,True,,3223 Scheuvront Drive,,,,Northglenn,,303-457-1813,,,,,,,,True,,,msredteam.onmicrosoft.com
Anonton@msredteam.onmicrosoft.com,Dodds  Wilbert,Dodds,,Wilbert,6cd224c0-1729-4ade-82e4-e8a137e02f52,Member,Lift truck operator,,True,,1800 Meadowcrest Lane,,,,Allen,,606-499-1669,,,,,,,,True,,,msredteam.onmicrosoft.com
Cleaskulty@msredteam.onmicrosoft.com,Downing  Sylvia,Downing,,Sylvia,e40524b0-0bcd-4991-8403-0dd756b62984,Member,Urban planner,,True,,1492 Warner Street,,,,Casper,,307-228-2345,,,,,,,,True,,,msredteam.onmicrosoft.com
Greentrion@msredteam.onmicrosoft.com,Downs  Leslie,Downs,,Leslie,8f77b1b9-20c9-4ac0-bc81-12e816729fce,Member,Emergency physician,,True,,3389 Adams Drive,,,,Houston,,979-316-8306,,,,,,,,True,,,msredteam.onmicrosoft.com
Therkilinde@msredteam.onmicrosoft.com,Duncan  Bruce,Duncan,,Bruce,a0515f8e-97af-4fe8-8235-d6a873aae4a8,Member,Audio control engineer,,True,,913 Denver Avenue,,,,Ontario,,951-515-9929,,,,,,,,True,,,msredteam.onmicrosoft.com
Hatqual@msredteam.onmicrosoft.com,Dunn  Rachel,Dunn,,Rachel,1b435bf5-00ae-4e46-a596-21f3dc73890b,Member,Personnel technician,,True,,496 Bond Street,,,,East Greenwich,,401-885-7806,,,,,,,,True,,,msredteam.onmicrosoft.com
Headvery@msredteam.onmicrosoft.com,Dunn  Virginia,Dunn,,Virginia,45f0a993-28b7-4bbe-9937-21f943065c20,Member,Gynecologic sonographer,,True,,713 Hillview Drive,,,,Atlanta,,706-890-7130,,,,,,,,True,,,msredteam.onmicrosoft.com
Pastachis@msredteam.onmicrosoft.com,Eason  Derrick,Eason,,Derrick,d87693f6-0e38-4da4-9206-7917af596372,Member,Health care translator,,True,,4118 Paradise Lane,,,,Chino Hills,,909-597-7786,,,,,,,,True,,,msredteam.onmicrosoft.com
Wittife1952@msredteam.onmicrosoft.com,Ebling  Jeanna,Ebling,,Jeanna,12c1f4f6-a653-4cc7-8192-7c5ff9658695,Member,Office assistant,,True,,1151 Rhapsody Street,,,,Gainesville,,352-399-4693,,,,,,,,True,,,msredteam.onmicrosoft.com
Anner1986@msredteam.onmicrosoft.com,Edwards  Antonio,Edwards,,Antonio,dbd29590-7b57-4a83-92db-39cd6a091c41,Member,Sheet metal worker,,True,,875 Ersel Street,,,,Plano,,214-401-6433,,,,,,,,True,,,msredteam.onmicrosoft.com
Criagand@msredteam.onmicrosoft.com,Elsass  Harold,Elsass,,Harold,6145dbf5-3864-4300-9ff2-72de1e95f657,Member,Usher,,True,,516 Devils Hill Road,,,,Florence,,601-845-3986,,,,,,,,True,,,msredteam.onmicrosoft.com
Reare1979@msredteam.onmicrosoft.com,Espinal  Mary,Espinal,,Mary,f61bb34f-c2fb-4788-9a6b-8e1f7b3b2c86,Member,News anchor,,True,,1953 Elkview Drive,,,,Miami,,772-380-8651,,,,,,,,True,,,msredteam.onmicrosoft.com
Wassiriour@msredteam.onmicrosoft.com,Evans  Elaine,Evans,,Elaine,18db0177-e994-46db-9719-70143f2ae66d,Member,Blood bank technologist,,True,,4476 Steele Street,,,,Bensenville,,630-696-8473,,,,,,,,True,,,msredteam.onmicrosoft.com
lewen@msredteam.onmicrosoft.com,Ewen  Lisa,Ewen,lewen@msredteam.onmicrosoft.com,Lisa,7ac97a21-fc2e-4a65-b5d5-7b87d19e43f7,Member,Personal Assistance CIO,,True,DO,2321 Beeghley Street,,,,Athens,,256-216-1228,,,,,,,,True,,,msredteam.onmicrosoft.com
Phent1964@msredteam.onmicrosoft.com,Faulkner  James,Faulkner,,James,e54638de-2979-4732-9923-5c662274d36e,Member,Critical care nurse,,True,,1859 Platinum Drive,,,,Rural Valley,,724-783-9988,,,,,,,,True,,,msredteam.onmicrosoft.com
Prishould@msredteam.onmicrosoft.com,Ferguson  Edna,Ferguson,,Edna,3d462de1-4271-4ea1-8d65-e5f14cb79c30,Member,Radio and telecommunications equipment installer,,True,,4070 McVaney Road,,,,Asheville,,828-299-9748,,,,,,,,True,,,msredteam.onmicrosoft.com
Wastiong@msredteam.onmicrosoft.com,Ferguson  James,Ferguson,,James,80907d15-c195-480f-a5ad-64a47b89c442,Member,Pest control worker,,True,,1328 Washburn Street,,,,Baton Rouge,,225-439-5444,,,,,,,,True,,,msredteam.onmicrosoft.com
Evies1948@msredteam.onmicrosoft.com,Fields  Dan,Fields,,Dan,4c2b6dab-1ded-4845-9879-ae0018abc726,Member,Conference planner,,True,,4488 Haven Lane,,,,Williamston,,517-655-7724,,,,,,,,True,,,msredteam.onmicrosoft.com
Witer1962@msredteam.onmicrosoft.com,Fillmore  Nancy,Fillmore,,Nancy,f8af7a80-20a1-47dc-89c7-0034ea353448,Member,Air Force,,True,,4393 Hampton Meadows,,,,Concord,,978-371-9995,,,,,,,,True,,,msredteam.onmicrosoft.com
Saitan@msredteam.onmicrosoft.com,Findley  Antonette,Findley,,Antonette,893f043d-ab84-4aac-8143-0c4eb14c84bb,Member,Insurance claims and policy processing clerk,,True,,623 Spring Avenue,,,,Portland,,267-633-9524,,,,,,,,True,,,msredteam.onmicrosoft.com
Bourantle@msredteam.onmicrosoft.com,Fong  Martin,Fong,,Martin,efdb80f0-746f-4d59-b538-5d223e9788c3,Member,Education planner,,True,,3434 Heavens Way,,,,Sarasota,,941-924-9604,,,,,,,,True,,,msredteam.onmicrosoft.com
Herhumbrod@msredteam.onmicrosoft.com,Foster  Virginia,Foster,,Virginia,4d019815-2a6f-4d02-893e-e885f095e559,Member,Encoder,,True,,1458 Spruce Drive,,,,Pittsburgh,,724-918-7639,,,,,,,,True,,,msredteam.onmicrosoft.com
Habovery@msredteam.onmicrosoft.com,Francis  Jennifer,Francis,,Jennifer,2e5e8e5c-8de0-4708-9ea4-6f9149e525d0,Member,Psychiatric nurse,,True,,4984 Whitman Court,,,,Hartford,,203-651-5398,,,,,,,,True,,,msredteam.onmicrosoft.com
Thame1979@msredteam.onmicrosoft.com,Franco  Jose,Franco,,Jose,1c885e0d-e621-4b5a-87c3-41a73555caf7,Member,FBI agent,,True,,2045 Stanton Hollow Road,,,,Worcester,,781-541-6972,,,,,,,,True,,,msredteam.onmicrosoft.com
Whovestaken@msredteam.onmicrosoft.com,Frank  Jerry,Frank,,Jerry,6260f718-f730-4c44-90d5-3c352018e556,Member,Broker,,True,,2045 Linda Street,,,,Newark,,267-755-2714,,,,,,,,True,,,msredteam.onmicrosoft.com
Luted1933@msredteam.onmicrosoft.com,French  Maggie,French,,Maggie,7ced950d-aa84-4ab8-8c78-8f37deaa42a3,Member,Decommissioning and decontamination (D&D) worker,,True,,1638 Briarwood Drive,,,,Camden,,856-530-1734,,,,,,,,True,,,msredteam.onmicrosoft.com
Marelf@msredteam.onmicrosoft.com,Frisina  Jaclyn,Frisina,,Jaclyn,b0e7057c-6cf0-44a3-87b4-bf5c085afa1e,Member,Mail processing machine operator,,True,,89 Brookside Drive,,,,Birmingham,,205-242-9592,,,,,,,,True,,,msredteam.onmicrosoft.com
Vatread@msredteam.onmicrosoft.com,Fyffe  Joe,Fyffe,,Joe,7c63cccd-502f-4b41-b84f-3607e9f6a61d,Member,Human resources recruiter,,True,,1562 Melrose Street,,,,Yakima,,509-910-6887,,,,,,,,True,,,msredteam.onmicrosoft.com
Evess1976@msredteam.onmicrosoft.com,Garrett  Mary,Garrett,,Mary,32687fb0-bc1b-46a9-bd1f-1de80c43f740,Member,Data entry worker,,True,,2817 Diamond Cove,,,,Newport,,401-395-5636,,,,,,,,True,,,msredteam.onmicrosoft.com
Estinabot@msredteam.onmicrosoft.com,Garrett  Warren,Garrett,,Warren,b685eaa8-ce6f-4e65-bff9-5a65065cb675,Member,Social scientist,,True,,4661 Mulberry Street,,,,Nacogdoches,,936-645-6588,,,,,,,,True,,,msredteam.onmicrosoft.com
Tharest@msredteam.onmicrosoft.com,Garris  Patricia,Garris,,Patricia,6ae0e904-c507-43ec-bdd5-f1ecb9b9c57d,Member,General and operations manager,,True,,812 Armory Road,,,,Laurinburg,,910-785-1112,,,,,,,,True,,,msredteam.onmicrosoft.com
Boodgme@msredteam.onmicrosoft.com,Gaylord  Robyn,Gaylord,,Robyn,01a88f0e-d47d-4705-b1c2-d75a448b8ff1,Member,Fork lift operator,,True,,4863 Olive Street,,,,Defiance,,419-390-2892,,,,,,,,True,,,msredteam.onmicrosoft.com
Chroman@msredteam.onmicrosoft.com,Gentile  Norberto,Gentile,,Norberto,376b82c3-72a8-4876-acb6-c9d15deed520,Member,Signal and track switch repairer,,True,,2117 Eagle Street,,,,Metropolis,,618-348-8221,,,,,,,,True,,,msredteam.onmicrosoft.com
Farmay@msredteam.onmicrosoft.com,Gerling  Rudy,Gerling,,Rudy,37eeceb0-a6bd-43da-b7d2-cb921599ec45,Member,Rental manager,,True,,4545 Spadafore Drive,,,,State College,,814-682-6780,,,,,,,,True,,,msredteam.onmicrosoft.com
Beforning@msredteam.onmicrosoft.com,Giles  Jeana,Giles,,Jeana,f1b3584c-e66e-4d8f-8056-634efaa41983,Member,Treasurer,,True,,556 Reel Avenue,,,,Albuquerque,,505-353-1285,,,,,,,,True,,,msredteam.onmicrosoft.com
Dessumenihim@msredteam.onmicrosoft.com,Gomez  Linda,Gomez,,Linda,aaffbc0a-ecfe-4323-a071-6563327dddfb,Member,Sales worker driver,,True,,1099 Late Avenue,,,,Clinton,,580-702-9969,,,,,,,,True,,,msredteam.onmicrosoft.com
Thisitted@msredteam.onmicrosoft.com,Gonzalez  Evie,Gonzalez,,Evie,b1aaecbf-ef96-4aac-96e4-e81e90c8e49b,Member,Transportation equipment painter,,True,,4098 Elk City Road,,,,Nineveh,,317-933-9660,,,,,,,,True,,,msredteam.onmicrosoft.com
Dina1965@msredteam.onmicrosoft.com,Graf  Timothy,Graf,,Timothy,4c2f887d-fa53-42a7-b480-c516e9cd6c0b,Member,Loan processing clerk,,True,,3803 Peaceful Lane,,,,Brook Park,,216-433-0469,,,,,,,,True,,,msredteam.onmicrosoft.com
Musupothers@msredteam.onmicrosoft.com,Graham  Angela,Graham,,Angela,862ad0dc-6a3a-4129-8536-b858712624d1,Member,Card puncher,,True,,3881 Valley Street,,,,Camden,,856-861-8170,,,,,,,,True,,,msredteam.onmicrosoft.com
Fortionoot@msredteam.onmicrosoft.com,Griffin  Robert,Griffin,,Robert,b76e040e-f5bd-438a-b310-fe4fbb436c9a,Member,Hoist and winch operator,,True,,4198 Leverton Cove Road,,,,Springfield,,413-356-3205,,,,,,,,True,,,msredteam.onmicrosoft.com
Alidereces@msredteam.onmicrosoft.com,Hammons  Rick,Hammons,,Rick,74b184f1-8fc1-45da-9474-007eaf344d0f,Member,Plant scientist,,True,,2558 Vine Street,,,,West Chicago,,847-657-8883,,,,,,,,True,,,msredteam.onmicrosoft.com
Resses@msredteam.onmicrosoft.com,Hampton  Michael,Hampton,,Michael,7c03b17f-8567-4eb1-b24b-e19ffbb44458,Member,Medical and health services manager,,True,,3971 Blane Street,,,,Manchester,,314-606-8961,,,,,,,,True,,,msredteam.onmicrosoft.com
Whournany@msredteam.onmicrosoft.com,Hanson  Jason,Hanson,,Jason,c22b46b3-d695-43bc-bfd0-cca020090604,Member,Engine and other machine assembler,,True,,3028 Scenicview Drive,,,,Midland,,432-207-9515,,,,,,,,True,,,msredteam.onmicrosoft.com
Froppres@msredteam.onmicrosoft.com,Harbin  Angelica,Harbin,,Angelica,8df32a4b-b5dc-4603-9318-bc8e5efe4004,Member,Desktop publishing editor,,True,,3026 Romines Mill Road,,,,Frisco,,214-618-6366,,,,,,,,True,,,msredteam.onmicrosoft.com
Lowead@msredteam.onmicrosoft.com,Harris  Daniel,Harris,,Daniel,fea37837-eff0-4f28-a1ee-a17b63e08369,Member,Fast-food cook,,True,,1010 Nutter Street,,,,Kansas City,,816-273-2737,,,,,,,,True,,,msredteam.onmicrosoft.com
jhassel@msredteam.onmicrosoft.com,Hassel  James,Hassel,jhassel@msredteam.onmicrosoft.com,James,be5ed5bb-5f16-4c99-bde8-1faaea7cb25d,Member,Rolling machine operator,,True,DO,3020 Berkley Street,,,,Portland,,484-887-7943,,,,,,,,True,,,msredteam.onmicrosoft.com
Moren1957@msredteam.onmicrosoft.com,Hassler  Margaret,Hassler,,Margaret,ff3efdac-6bdb-45e6-808f-c22678e999c8,Member,Personal care aide,,True,,3226 Hart Country Lane,,,,Dawsonville,,706-531-6789,,,,,,,,True,,,msredteam.onmicrosoft.com
Fourgaver@msredteam.onmicrosoft.com,Hatch  Carolyn,Hatch,,Carolyn,7b914017-2250-4a4f-998a-2dda8a3fe298,Member,Retail salesperson,,True,,1133 Heavner Avenue,,,,Adairsville,,770-773-6281,,,,,,,,True,,,msredteam.onmicrosoft.com
Roolearm1969@msredteam.onmicrosoft.com,Hayes  Sue,Hayes,,Sue,7f1e968b-feb4-4b6c-b8ae-14c904a90979,Member,Credit authorizer,,True,,667 Despard Street,,,,Atlanta,,404-749-2939,,,,,,,,True,,,msredteam.onmicrosoft.com
Theatimandid@msredteam.onmicrosoft.com,Heath  Jason,Heath,,Jason,52f3c210-d313-43d6-a1be-069680b43221,Member,Service station attendant,,True,,625 Platinum Drive,,,,Pittsburgh,,724-829-7413,,,,,,,,True,,,msredteam.onmicrosoft.com
Samet1983@msredteam.onmicrosoft.com,Heideman  Catherine,Heideman,,Catherine,d393302e-8718-40b6-90f8-289f74447671,Member,Industrial millwright,,True,,1977 Kooter Lane,,,,Charlotte,,704-464-7417,,,,,,,,True,,,msredteam.onmicrosoft.com
Parealeareed1933@msredteam.onmicrosoft.com,Hemmer  Jennifer,Hemmer,,Jennifer,f2d940b0-f722-4de4-9ff7-2affaa701f24,Member,Fine arts photographer,,True,,3268 Java Lane,,,,Orangeburg,,803-535-1346,,,,,,,,True,,,msredteam.onmicrosoft.com
Flike1995@msredteam.onmicrosoft.com,Hernandez  Christine,Hernandez,,Christine,fd2c657f-d4cf-42ec-b151-fd13f0a0a260,Member,Field sales supervisor,,True,,1561 Mount Olive Road,,,,Norcross,,678-914-4462,,,,,,,,True,,,msredteam.onmicrosoft.com
Diandence@msredteam.onmicrosoft.com,Herrera  Patricia,Herrera,,Patricia,86ac9982-0c00-4598-a8bd-767a1568ad25,Member,Wait staff,,True,,1525 Harter Street,,,,Dayton,,937-627-7937,,,,,,,,True,,,msredteam.onmicrosoft.com
Goinkill66@msredteam.onmicrosoft.com,Hill  Lawrence,Hill,,Lawrence,2c0853cf-bdd8-4a5c-8ea5-1f64bfaa3385,Member,Aircraft surfaces assembler,,True,,352 Private Lane,,,,Albany,,229-255-0832,,,,,,,,True,,,msredteam.onmicrosoft.com
Stimers1967@msredteam.onmicrosoft.com,Hill  Patsy,Hill,,Patsy,eec5b27c-497b-46f8-82c7-807b5c59ec91,Member,Compositor,,True,,3046 Rebecca Street,,,,Elk Grove Village,,847-690-8335,,,,,,,,True,,,msredteam.onmicrosoft.com
Halk1982@msredteam.onmicrosoft.com,Hillhouse  Anabel,Hillhouse,,Anabel,4a3a13f4-ec98-469c-96a9-f3c90252455c,Member,Small engine mechanic,,True,,557 Bobcat Drive,,,,Washington,,240-993-4267,,,,,,,,True,,,msredteam.onmicrosoft.com
Sponsiguess@msredteam.onmicrosoft.com,Ho  Rafael,Ho,,Rafael,d6160ba4-6bbb-4530-80fa-813eba203466,Member,Contract manager,,True,,1146 Burnside Avenue,,,,St George,,435-652-9767,,,,,,,,True,,,msredteam.onmicrosoft.com
Werflefougs34@msredteam.onmicrosoft.com,Hodge  Jessie,Hodge,,Jessie,0d5622f3-8edc-48a4-9d05-661158c992d5,Member,Agricultural inspector,,True,,1294 Berry Street,,,,Colorado Springs,,719-597-8151,,,,,,,,True,,,msredteam.onmicrosoft.com
Unpoid@msredteam.onmicrosoft.com,Hoffman  Lottie,Hoffman,,Lottie,48539612-6a3a-4932-8a75-42b03f1b2478,Member,Motion picture projectionist,,True,,1403 Whispering Pines Circle,,,,Wylie,,972-429-6579,,,,,,,,True,,,msredteam.onmicrosoft.com
Cheyetch@msredteam.onmicrosoft.com,Holcombe  Adrian,Holcombe,,Adrian,b7a127c0-6d78-4b22-9fa7-599fc6d33057,Member,Medical equipment preparer,,True,,1721 Hardesty Street,,,,Albany,,518-471-7302,,,,,,,,True,,,msredteam.onmicrosoft.com
Adder1965@msredteam.onmicrosoft.com,Horton  Micheal,Horton,,Micheal,a33e6e71-1834-4971-9d55-0e0b83e18fe4,Member,Training administrator,,True,,56 Aviation Way,,,,Burbank,,213-841-1232,,,,,,,,True,,,msredteam.onmicrosoft.com
Petly1991@msredteam.onmicrosoft.com,Hoxie  Margaret,Hoxie,,Margaret,75582a2d-3bb5-43fa-b0e7-ce65a3655ec9,Member,Diabetes management nurse,,True,,3227 Meadow Lane,,,,San Francisco,,707-319-0166,,,,,,,,True,,,msredteam.onmicrosoft.com
Aeled1969@msredteam.onmicrosoft.com,Huff  Jackie,Huff,,Jackie,b7b94ffa-cac0-4122-a431-38a3e851fd35,Member,Parts salesperson,,True,,2127 Jones Avenue,,,,Greensboro,,336-729-7327,,,,,,,,True,,,msredteam.onmicrosoft.com
Dienteor@msredteam.onmicrosoft.com,Huskey  Joseph,Huskey,,Joseph,66ccaabb-f801-4980-a633-09b784dee5d4,Member,Card puncher,,True,,253 Pike Street,,,,La Jolla,,858-459-6949,,,,,,,,True,,,msredteam.onmicrosoft.com
Camapis@msredteam.onmicrosoft.com,Irvin  James,Irvin,,James,1fce492d-1e75-4ec3-bac0-529037247d77,Member,Contract specialist,,True,,4542 Jacobs Street,,,,Pittsburgh,,412-288-3893,,,,,,,,True,,,msredteam.onmicrosoft.com
Wevothere@msredteam.onmicrosoft.com,Isaac  Lois,Isaac,,Lois,3a3e3e70-ec68-4fbc-8589-8400f9d1d1d1,Member,Social scientist,,True,,3532 Thompson Drive,,,,San Jose,,510-403-7382,,,,,,,,True,,,msredteam.onmicrosoft.com
Felded@msredteam.onmicrosoft.com,Jackson  Samantha,Jackson,,Samantha,3c8e9a3b-30de-4a64-8d27-f868e518e711,Member,Control room trainee,,True,,2611 Lords Way,,,,Bolivar,,731-658-6327,,,,,,,,True,,,msredteam.onmicrosoft.com
Hasheivates@msredteam.onmicrosoft.com,James  Doug,James,,Doug,69b43bb3-6f80-414d-aa59-db2ce2cb87da,Member,Compensation and benefits technician,,True,,315 Conference Center Way,,,,Sugar Notch,,570-986-0314,,,,,,,,True,,,msredteam.onmicrosoft.com
Tropir1943@msredteam.onmicrosoft.com,Jan  Lyman,Jan,,Lyman,855bd2ec-e7bb-487d-bd1c-ec7fb8281a4f,Member,Proofreader,,True,,3525 Boone Street,,,,Vanderbilt,,361-284-0433,,,,,,,,True,,,msredteam.onmicrosoft.com
Nichat@msredteam.onmicrosoft.com,Jimenez  Paul,Jimenez,,Paul,9306904e-9aef-4606-a6b8-59902b11a4a8,Member,Talking-books clerk,,True,,4387 Stutler Lane,,,,Altoona,,814-502-5353,,,,,,,,True,,,msredteam.onmicrosoft.com
Squeseseen1979@msredteam.onmicrosoft.com,Johnson  George,Johnson,,George,65586b78-a317-4f2d-ad45-6ac5fbcc93f7,Member,Mobile heavy equipment mechanic,,True,,4086 Lighthouse Drive,,,,Branson,,417-259-7732,,,,,,,,True,,,msredteam.onmicrosoft.com
Edwou1945@msredteam.onmicrosoft.com,Johnson  Wilford,Johnson,,Wilford,ccbf9aab-f822-4b7e-85f9-a77ac0784405,Member,Medical records technician,,True,,4478 Loving Acres Road,,,,Dallas,,817-225-6206,,,,,,,,True,,,msredteam.onmicrosoft.com
Graters1956@msredteam.onmicrosoft.com,Jones  Archie,Jones,,Archie,c8265c29-6500-4ccb-8ed5-f89e4033dec0,Member,Carpet installer,,True,,1564 Roguski Road,,,,Pitkin,,318-358-6481,,,,,,,,True,,,msredteam.onmicrosoft.com
Onould1997@msredteam.onmicrosoft.com,Jones  Lisa,Jones,,Lisa,cc32fa95-bfb1-4044-88fd-ed6d7c106bf7,Member,Desktop publisher,,True,,3616 Hide A Way Road,,,,Santa Clara,,408-242-8908,,,,,,,,True,,,msredteam.onmicrosoft.com
Ofteemontly@msredteam.onmicrosoft.com,Jordan  Karl,Jordan,,Karl,364db761-5ef1-43f7-b919-11dbfed7bfd6,Member,Water transportation occupation,,True,,4978 Hall Place,,,,Linden,,903-756-3932,,,,,,,,True,,,msredteam.onmicrosoft.com
Lemp1973@msredteam.onmicrosoft.com,Jordan  Maria,Jordan,,Maria,0c4cf2c1-7185-4fc4-8c4a-2308ab160801,Member,Medical technician,,True,,2161 Progress Way,,,,Donnelly,,320-246-1883,,,,,,,,True,,,msredteam.onmicrosoft.com
Dring1975@msredteam.onmicrosoft.com,Kaiser  Theodore,Kaiser,,Theodore,d3a71e80-23d2-43a6-89c8-1e8be681cab1,Member,Electronic publisher,,True,,1831 Lords Way,,,,Dyer,,731-692-7340,,,,,,,,True,,,msredteam.onmicrosoft.com
Mition1964@msredteam.onmicrosoft.com,Kates  James,Kates,,James,56f61e41-2356-46dc-963a-45b491950288,Member,Faller,,True,,645 D Street,,,,Westland,,586-557-0127,,,,,,,,True,,,msredteam.onmicrosoft.com
Yousbae@msredteam.onmicrosoft.com,Kearney  Frank,Kearney,,Frank,c7e5f097-68ab-4508-a142-be1362673b37,Member,Urology nurse,,True,,141 Steve Hunt Road,,,,Boca Raton,,305-706-6826,,,,,,,,True,,,msredteam.onmicrosoft.com
Morects@msredteam.onmicrosoft.com,King  Mark,King,,Mark,5adf6465-b9a0-4028-9736-a97063ab5635,Member,Medicinal chemist,,True,,4071 Columbia Boulevard,,,,Bel Air,,410-420-4545,,,,,,,,True,,,msredteam.onmicrosoft.com
Strajamoned1950@msredteam.onmicrosoft.com,Klemm  Henry,Klemm,,Henry,b4175746-daa7-47e1-8106-20577442aeab,Member,Benefits clerk,,True,,4222 Lynch Street,,,,New Berlin,,920-917-5684,,,,,,,,True,,,msredteam.onmicrosoft.com
Arsencon@msredteam.onmicrosoft.com,Kline  Tabitha,Kline,,Tabitha,c1598415-161a-4747-ac5c-f4cb506a1635,Member,Public health social worker,,True,,3350 Fulton Street,,,,Reader,,304-386-4267,,,,,,,,True,,,msredteam.onmicrosoft.com
Senguen@msredteam.onmicrosoft.com,Knott  Jimmie,Knott,,Jimmie,8e6e38c8-6808-4eb2-9702-1f8676831f6a,Member,Certified respiratory therapist,,True,,2910 Seth Street,,,,Brownwood,,325-642-4034,,,,,,,,True,,,msredteam.onmicrosoft.com
Muchad64@msredteam.onmicrosoft.com,Knox  Brian,Knox,,Brian,c8b5bfab-d9ee-4ce1-a841-b4b90559c3ad,Member,Printmaker,,True,,2423 Warner Street,,,,North Dade,,305-931-9398,,,,,,,,True,,,msredteam.onmicrosoft.com
Knothis@msredteam.onmicrosoft.com,Koch  George,Koch,,George,c39366bb-90ab-4225-b714-f9515d33c112,Member,Prosthetist,,True,,3859 Tipple Road,,,,Philadelphia,,215-782-3391,,,,,,,,True,,,msredteam.onmicrosoft.com
kkreps@msredteam.onmicrosoft.com,Kreps  Kathy,Kreps,kkreps@msredteam.onmicrosoft.com,Kathy,26b40147-1fdf-4a05-84b2-e43a96606d6f,Member,Developer,,True,DO,759 Daffodil Lane,,,,Centerville,,703-449-4662,,,,,,,,True,,,msredteam.onmicrosoft.com
Amurectime@msredteam.onmicrosoft.com,Lapointe  Jaime,Lapointe,,Jaime,c2bc4e15-d9cd-4c1c-901a-095803bf0237,Member,Electric line worker,,True,,468 Deer Ridge Drive,,,,Summit,,973-635-3123,,,,,,,,True,,,msredteam.onmicrosoft.com
Sesider@msredteam.onmicrosoft.com,Larson  Howard,Larson,,Howard,2d7ac368-d603-4d66-8f76-21c041e3acf1,Member,Woodworking machine operator,,True,,3034 Settlers Lane,,,,Whitestone,,917-816-2564,,,,,,,,True,,,msredteam.onmicrosoft.com
Beekese66@msredteam.onmicrosoft.com,Lawrence  William,Lawrence,,William,3fc2383e-8ed4-49db-836a-260ba109f47e,Member,Postsecondary career-technical teacher,,True,,2432 Railroad Street,,,,Marquette,,906-287-1195,,,,,,,,True,,,msredteam.onmicrosoft.com
Goting@msredteam.onmicrosoft.com,Laws  Carrie,Laws,,Carrie,f729fae5-4880-4542-9e6a-5daed05ad817,Member,Concierge,,True,,4573 Dark Hollow Road,,,,La Crosse,,608-865-4600,,,,,,,,True,,,msredteam.onmicrosoft.com
Sannie@msredteam.onmicrosoft.com,Leon  Jennifer,Leon,,Jennifer,1878a93b-cc9d-449f-9b8f-71b853b7a129,Member,Neuropsychologist,,True,,2466 Flinderation Road,,,,Orland Park,,708-364-6369,,,,,,,,True,,,msredteam.onmicrosoft.com
Mirere@msredteam.onmicrosoft.com,Levy  Daniel,Levy,,Daniel,a8f8e349-932d-4863-91b6-9f40d19d09b1,Member,Erector,,True,,3697 Veltri Drive,,,,Mentasta,,907-291-5769,,,,,,,,True,,,msredteam.onmicrosoft.com
Compown96@msredteam.onmicrosoft.com,Lewis  Mike,Lewis,,Mike,b58674ad-c5e4-4e00-abc0-1c41a5364f71,Member,Human resources representative,,True,,4965 Jerome Avenue,,,,Harlingen,,956-345-8958,,,,,,,,True,,,msredteam.onmicrosoft.com
Hicing1965@msredteam.onmicrosoft.com,Lewis  Robert,Lewis,,Robert,973f174a-ba7c-460c-b808-412902959b22,Member,Occupational health and safety technician,,True,,2133 Airplane Avenue,,,,Stamford,,860-821-6378,,,,,,,,True,,,msredteam.onmicrosoft.com
Dayinexce@msredteam.onmicrosoft.com,Lin  Chelsea,Lin,,Chelsea,4e738012-c095-4380-ad6d-a85ee823b57d,Member,News anchor,,True,,4879 Glenview Drive,,,,Port Lavaca,,361-487-8637,,,,,,,,True,,,msredteam.onmicrosoft.com
Begraced@msredteam.onmicrosoft.com,Little  Elisa,Little,,Elisa,b9060d36-f542-44f7-b73a-09987403a864,Member,Nail care technician,,True,,2465 Randall Drive,,,,Kula,,808-876-5635,,,,,,,,True,,,msredteam.onmicrosoft.com
Yough1976@msredteam.onmicrosoft.com,Little  Jerry,Little,,Jerry,c97c89b8-705c-43ac-a17b-6f10908f69a2,Member,Paramedic,,True,,472 Benson Street,,,,Eau Claire,,715-227-6046,,,,,,,,True,,,msredteam.onmicrosoft.com
Bacce1980@msredteam.onmicrosoft.com,Livingston  Larry,Livingston,,Larry,b6b9e60c-851e-4849-af4f-8286a897c805,Member,Fund manager,,True,,4486 Whitman Court,,,,Stamford,,203-595-8768,,,,,,,,True,,,msredteam.onmicrosoft.com
Notend@msredteam.onmicrosoft.com,Long  Ryan,Long,,Ryan,56fbf13b-6f13-490b-b300-c25205dfe8ca,Member,Executive recruiter,,True,,3535 Whaley Lane,,,,Milwaukee,,262-448-1393,,,,,,,,True,,,msredteam.onmicrosoft.com
Fractiong@msredteam.onmicrosoft.com,Lopez  Tracy,Lopez,,Tracy,bbf4fbd9-a25e-4847-98ef-27e4ad3a1cec,Member,Babysitter,,True,,4173 Byers Lane,,,,Auburn,,530-823-4134,,,,,,,,True,,,msredteam.onmicrosoft.com
Carrais@msredteam.onmicrosoft.com,Lowe  Li,Lowe,,Li,162723dd-e40c-476d-80d7-28e2a21f73af,Member,Professor,,True,,1582 Masonic Drive,,,,Ronan,,406-528-6460,,,,,,,,True,,,msredteam.onmicrosoft.com
Dics1971@msredteam.onmicrosoft.com,Mahon  Lisa,Mahon,,Lisa,c7556718-9492-4782-9242-b01e7a464820,Member,Clinical psychologist,,True,,195 White River Way,,,,Salt Lake City,,801-537-8603,,,,,,,,True,,,msredteam.onmicrosoft.com
Miliche1979@msredteam.onmicrosoft.com,Marano  Larry,Marano,,Larry,17de3306-6c70-44e9-a2b4-354855ba9d20,Member,Janitor,,True,,1801 Harley Brook Lane,,,,Altoona,,814-604-1717,,,,,,,,True,,,msredteam.onmicrosoft.com
Baccough1970@msredteam.onmicrosoft.com,Marcus  Dorothy,Marcus,,Dorothy,5c5d8ae4-14b2-4f2f-b102-7d7c6da1709a,Member,Airman,,True,,2985 Bungalow Road,,,,Clarkson,,402-892-5033,,,,,,,,True,,,msredteam.onmicrosoft.com
Sicke1951@msredteam.onmicrosoft.com,Marsh  Joseph,Marsh,,Joseph,f88d7970-7a45-433a-a454-9f859642cdba,Member,Publicity writer,,True,,947 Jerry Dove Drive,,,,Florence,,843-484-7977,,,,,,,,True,,,msredteam.onmicrosoft.com
Actim1971@msredteam.onmicrosoft.com,Martin  Dennis,Martin,,Dennis,f7376725-5170-4476-bbbb-81ae2c4fa661,Member,Placement counselor,,True,,679 Fowler Avenue,,,,Atlanta,,770-208-6951,,,,,,,,True,,,msredteam.onmicrosoft.com
Sessinget@msredteam.onmicrosoft.com,Martinez  Rene,Martinez,,Rene,28371f6d-ca7e-4795-9942-c142aee57964,Member,Charter bus driver,,True,,3006 Fowler Avenue,,,,Tucker,,770-223-6162,,,,,,,,True,,,msredteam.onmicrosoft.com
Dalmor63@msredteam.onmicrosoft.com,Martinez  Sean,Martinez,,Sean,412fe33e-16cb-4b5a-825d-f1e6c3369a80,Member,Route driver,,True,,3969 Loving Acres Road,,,,Plano,,817-218-9731,,,,,,,,True,,,msredteam.onmicrosoft.com
Hiniisteron@msredteam.onmicrosoft.com,Marty  Joanna,Marty,,Joanna,11b9a499-3aa9-47de-90bd-1757bc143713,Member,Arbitrator,,True,,3225 Longview Avenue,,,,Bronx,,718-562-3120,,,,,,,,True,,,msredteam.onmicrosoft.com
Yeaboopple@msredteam.onmicrosoft.com,Mauk  John,Mauk,,John,b85b56fd-4f4b-45d7-8b91-989e8e9c58b5,Member,College faculty,,True,,3493 Robinson Lane,,,,Portsmouth,,740-356-4682,,,,,,,,True,,,msredteam.onmicrosoft.com
Lowee1957@msredteam.onmicrosoft.com,McCord  Isabel,McCord,,Isabel,e05a823e-7316-47ea-9c02-7692bfa3bdd7,Member,Executive editor,,True,,2094 Patterson Fork Road,,,,Chicago,,312-637-1694,,,,,,,,True,,,msredteam.onmicrosoft.com
Sayes1942@msredteam.onmicrosoft.com,McGowan  James,McGowan,,James,b9c1cd09-015d-4a63-a5da-d7ede338848f,Member,Midwife,,True,,3926 Seth Street,,,,San Angelo,,325-482-1301,,,,,,,,True,,,msredteam.onmicrosoft.com
Folut1984@msredteam.onmicrosoft.com,McQueen  Lenora,McQueen,,Lenora,a852fff3-d045-4404-95cd-c1de508743f8,Member,Job service consultant,,True,,4020 Stoneybrook Road,,,,Cocoa,,321-427-3385,,,,,,,,True,,,msredteam.onmicrosoft.com
Hisfireeness@msredteam.onmicrosoft.com,Mendez  Jade,Mendez,,Jade,56a52edc-4144-49aa-b603-305159079bd7,Member,Parking enforcement worker,,True,,1236 Washburn Street,,,,Baton Rouge,,225-378-7818,,,,,,,,True,,,msredteam.onmicrosoft.com
Fordoon@msredteam.onmicrosoft.com,Mendez  Tracy,Mendez,,Tracy,dbee874e-ebc2-4f21-b3cb-f7b66fb4163e,Member,"Textile, apparel, and furnishings occupation",,True,,2576 Center Avenue,,,,Fresno,,559-457-9007,,,,,,,,True,,,msredteam.onmicrosoft.com
Ingaing@msredteam.onmicrosoft.com,Mendoza  Gregory,Mendoza,,Gregory,c4d8b88c-0dd8-4724-b655-dde38334847b,Member,Segmental paver,,True,,408 Fieldcrest Road,,,,New York,,631-860-9795,,,,,,,,True,,,msredteam.onmicrosoft.com
Spallown1957@msredteam.onmicrosoft.com,Merced  Mary,Merced,,Mary,42b8ca40-6a63-4c54-9db8-d251ba89f9bc,Member,Urban planner,,True,,242 Creekside Lane,,,,Lompoc,,805-737-2935,,,,,,,,True,,,msredteam.onmicrosoft.com
Beffers@msredteam.onmicrosoft.com,Miller  Chris,Miller,,Chris,4d6530cb-6481-4773-b9ca-9be9b2e77125,Member,Communications equipment operator,,True,,245 Smithfield Avenue,,,,Lubbock,,806-744-9344,,,,,,,,True,,,msredteam.onmicrosoft.com
Expeck1944@msredteam.onmicrosoft.com,Miller  Maureen,Miller,,Maureen,008de45c-0f8a-417a-9346-46f575db3f53,Member,Photographic retoucher,,True,,3508 Ruckman Road,,,,Oklahoma City,,405-824-2465,,,,,,,,True,,,msredteam.onmicrosoft.com
Giagrobtly@msredteam.onmicrosoft.com,Mills  Kevin,Mills,,Kevin,52982161-0d3d-48f9-9632-ee32ae81da7c,Member,Legal assistant,,True,,2407 Trainer Avenue,,,,Aledo,,309-574-3168,,,,,,,,True,,,msredteam.onmicrosoft.com
Lontageman@msredteam.onmicrosoft.com,Minjares  Kimberley,Minjares,,Kimberley,27991d20-834c-4f39-9726-54ec1810518c,Member,Documentation specialist,,True,,3875 Mercer Street,,,,Lewis,,715-653-5982,,,,,,,,True,,,msredteam.onmicrosoft.com
Parturne@msredteam.onmicrosoft.com,Misner  James,Misner,,James,1e2c453c-92ae-4fcf-a12c-8fe674e5c64d,Member,Cook,,True,,4005 B Street,,,,Hastings,,651-438-2790,,,,,,,,True,,,msredteam.onmicrosoft.com
Amirs1983@msredteam.onmicrosoft.com,Mitchell  Ronald,Mitchell,,Ronald,fdfa64db-e56c-4c86-ab40-d1d4b14ce135,Member,Chauffeur,,True,,1897 Matthews Street,,,,Sterling,,815-631-6139,,,,,,,,True,,,msredteam.onmicrosoft.com
Welved62@msredteam.onmicrosoft.com,Montgomery  George,Montgomery,,George,f0a519ec-a02d-4b8e-8b3a-a516d7d03980,Member,Keypunch technician,,True,,933 Washington Avenue,,,,Jackson,,601-942-4375,,,,,,,,True,,,msredteam.onmicrosoft.com
Hisgrat@msredteam.onmicrosoft.com,Montgomery  Roger,Montgomery,,Roger,2481c915-e2a5-4d33-9022-2a459318d371,Member,Dairy farmer,,True,,3395 Travis Street,,,,Jupiter,,772-828-7968,,,,,,,,True,,,msredteam.onmicrosoft.com
Retraid@msredteam.onmicrosoft.com,Morgan  Gloria,Morgan,,Gloria,2c59f5f7-43cc-4837-910e-a226acc22193,Member,Strength trainer,,True,,875 Payne Street,,,,Rosenberg,,281-238-5589,,,,,,,,True,,,msredteam.onmicrosoft.com
Elvinew@msredteam.onmicrosoft.com,Moronta  Melvin,Moronta,,Melvin,506fd8da-969f-4cbe-b747-469c7d99164a,Member,Flight engineer,,True,,4017 Glen Street,,,,Bowling Green,,270-303-8492,,,,,,,,True,,,msredteam.onmicrosoft.com
Ablemody1943@msredteam.onmicrosoft.com,Morris  Jaime,Morris,,Jaime,88945b3b-2737-4239-8d34-da407b50d434,Member,Lease buyer,,True,,2834 Mudlick Road,,,,Spokane,,509-462-4268,,,,,,,,True,,,msredteam.onmicrosoft.com
Inginy@msredteam.onmicrosoft.com,Mosby  Anne,Mosby,,Anne,eb81b2e2-e6ec-45e4-8303-bd2893001b23,Member,Assignment editor,,True,,2422 Five Points,,,,Baltimore,,443-236-2325,,,,,,,,True,,,msredteam.onmicrosoft.com
Unifect@msredteam.onmicrosoft.com,Munguia  Brian,Munguia,,Brian,37d3ca82-394b-4225-aab6-7665c2f9f7d6,Member,Cost engineer,,True,,3900 Driftwood Road,,,,San Jose,,408-374-5238,,,,,,,,True,,,msredteam.onmicrosoft.com
Inarence1943@msredteam.onmicrosoft.com,Myers  Rosemary,Myers,,Rosemary,9d6a8845-66f3-4611-b046-592ef7cd9d98,Member,Compliance officer,,True,,275 Clay Lick Road,,,,Centennial,,720-536-4961,,,,,,,,True,,,msredteam.onmicrosoft.com
Wour1949@msredteam.onmicrosoft.com,Nakano  Barbara,Nakano,,Barbara,e6762f04-3c0a-45a6-8ec3-8e146b8033ab,Member,Property disposal specialist,,True,,1064 Willow Oaks Lane,,,,Leesville,,337-383-9433,,,,,,,,True,,,msredteam.onmicrosoft.com
Ementer@msredteam.onmicrosoft.com,Nation  Donnie,Nation,,Donnie,0ec3376e-4bf0-4648-88cf-d8f3bfe944d5,Member,News analyst,,True,,504 Tibbs Avenue,,,,Gallatin Gateway,,406-763-2893,,,,,,,,True,,,msredteam.onmicrosoft.com
Evess1986@msredteam.onmicrosoft.com,Nebel  Helen,Nebel,,Helen,071189f9-48dc-493d-a35c-fd4e6da9f2e8,Member,Judiciary translator,,True,,400 Lauren Drive,,,,Merrimac,,608-493-2235,,,,,,,,True,,,msredteam.onmicrosoft.com
Weralause@msredteam.onmicrosoft.com,Nesbitt  Andres,Nesbitt,,Andres,e5d9b299-b015-4125-af56-66f8b3a93b0c,Member,Emergency management specialist,,True,,2726 Green Hill Road,,,,Little Rock,,479-234-5835,,,,,,,,True,,,msredteam.onmicrosoft.com
Shostres@msredteam.onmicrosoft.com,Nguyen  Timothy,Nguyen,,Timothy,9870b2ca-e5b5-4a54-932e-8eda61e96856,Member,Typesetting machine tender,,True,,2757 Sharon Lane,,,,Williamsville,,573-998-4201,,,,,,,,True,,,msredteam.onmicrosoft.com
Expris@msredteam.onmicrosoft.com,Nichols  Milton,Nichols,,Milton,271be403-e761-4eee-8e2d-ef09490ea6d2,Member,Cryptanalyst,,True,,1355 Still Street,,,,Castalia,,419-684-3895,,,,,,,,True,,,msredteam.onmicrosoft.com
Havol1942@msredteam.onmicrosoft.com,Nixon  Victor,Nixon,,Victor,1122f5d0-82d0-4ee8-a3af-7e66fce0a457,Member,Geriatric nurse,,True,,2379 Holt Street,,,,Lake Worth,,561-389-2485,,,,,,,,True,,,msredteam.onmicrosoft.com
Foolve@msredteam.onmicrosoft.com,Norfleet  Demetrius,Norfleet,,Demetrius,302c5350-0ca0-4832-abac-0dd891a8bd52,Member,Publicity writer,,True,,1919 Nutters Barn Lane,,,,Clare,,515-546-3229,,,,,,,,True,,,msredteam.onmicrosoft.com
Fienjouricen@msredteam.onmicrosoft.com,Ocallaghan  Jean,Ocallaghan,,Jean,db112057-89d4-4380-ac19-f650c1b2d323,Member,Field sales supervisor,,True,,3745 Railroad Street,,,,Jacksonville Beach,,904-956-1792,,,,,,,,True,,,msredteam.onmicrosoft.com
Worgen@msredteam.onmicrosoft.com,Odegaard  Mina,Odegaard,,Mina,4c257cfc-e45a-451b-a75f-14dd4d7cd3c5,Member,Firefighter,,True,,487 Pyramid Valley Road,,,,West Branch,,319-643-8054,,,,,,,,True,,,msredteam.onmicrosoft.com
Sync_DC-02_5de6bb31d8d8@msredteam.onmicrosoft.com,On-Premises Directory Synchronization Service Account,,,,139389d6-a853-469b-ade7-95a353747849,Member,,,True,,,,,,,,,,,,,,,,True,,,msredteam.onmicrosoft.com
Toohnse@msredteam.onmicrosoft.com,Owen  Michelle,Owen,,Michelle,bf77f0fc-1ba5-406b-99e7-f53d44bfcbcf,Member,Short-order cook,,True,,1119 Libby Street,,,,Los Angeles,,310-240-4918,,,,,,,,True,,,msredteam.onmicrosoft.com
Notem1933@msredteam.onmicrosoft.com,Packard  Peter,Packard,,Peter,630ff64f-5d79-4446-b2ea-b32574a8dbc1,Member,Excavating and loading machine and dragline operator,,True,,4866 Providence Lane,,,,Arcadia,,626-898-6503,,,,,,,,True,,,msredteam.onmicrosoft.com
Naturawrove1985@msredteam.onmicrosoft.com,Pagel  Cecil,Pagel,,Cecil,e25e09af-ac67-44b6-9c20-a948401200d8,Member,Traffic technician,,True,,1610 Lake Floyd Circle,,,,Hagerstown,,301-999-5248,,,,,,,,True,,,msredteam.onmicrosoft.com
Himpless@msredteam.onmicrosoft.com,Pancoast  Mary,Pancoast,,Mary,6def6559-1e5c-4a19-8ad7-052d60a4388b,Member,Small engine mechanic,,True,,1030 Quilly Lane,,,,Columbus,,614-543-7893,,,,,,,,True,,,msredteam.onmicrosoft.com
Extuality@msredteam.onmicrosoft.com,Parker  Donna,Parker,,Donna,5afed39b-bf4f-49f2-965b-483bef262c14,Member,Promoter,,True,,3824 Lynn Ogden Lane,,,,Beaumont,,409-898-4483,,,,,,,,True,,,msredteam.onmicrosoft.com
Thadons@msredteam.onmicrosoft.com,Partee  Mary,Partee,,Mary,cab0cb37-e744-4f56-a5af-9cbba2ef8712,Member,Dentist,,True,,3061 Callison Lane,,,,Philadelphia,,302-570-4724,,,,,,,,True,,,msredteam.onmicrosoft.com
Thattles@msredteam.onmicrosoft.com,Payan  Merlin,Payan,,Merlin,c4a25e5e-f96b-405b-8af2-771db1e3315e,Member,Front-end mechanic,,True,,1115 Elk Rd Little,,,,Schenectady,,518-982-4592,,,,,,,,True,,,msredteam.onmicrosoft.com
Ephat1960@msredteam.onmicrosoft.com,Payne  Deborah,Payne,,Deborah,1ea66c15-a54a-4ec7-8b93-be4c2ba55822,Member,Extruding and forming machine operator,,True,,96 Tuna Street,,,,Flint,,810-785-3450,,,,,,,,True,,,msredteam.onmicrosoft.com
Abadvionand@msredteam.onmicrosoft.com,Payne  Terry,Payne,,Terry,345ee5bf-5e9c-4d0b-a4a9-46fee790fb0c,Member,Finisher,,True,,3765 White Oak Drive,,,,Rushville,,816-685-9691,,,,,,,,True,,,msredteam.onmicrosoft.com
Tining@msredteam.onmicrosoft.com,Perkins  Jennifer,Perkins,,Jennifer,af67a403-0a28-4cce-a224-23f0cdb4ac51,Member,Research chef,,True,,4287 Fort Street,,,,Seattle,,253-252-8019,,,,,,,,True,,,msredteam.onmicrosoft.com
Excery@msredteam.onmicrosoft.com,Petersen  Lilly,Petersen,,Lilly,8169da2e-863e-4390-a9a3-a0ff2e482a06,Member,Composer,,True,,1682 Penn Street,,,,Ellsinore,,573-322-6376,,,,,,,,True,,,msredteam.onmicrosoft.com
Upostily88@msredteam.onmicrosoft.com,Peterson  Natalia,Peterson,,Natalia,4e60b2e5-29d0-416b-bb67-0703e85bdd11,Member,Qualified members of the engine department,,True,,4781 Jail Drive,,,,Macomb,,309-955-3744,,,,,,,,True,,,msredteam.onmicrosoft.com
Forelut@msredteam.onmicrosoft.com,Phifer  Jerome,Phifer,,Jerome,ba77330a-51a8-4276-a040-265214c145bf,Member,CT technologist,,True,,2476 Werninger Street,,,,Houston,,832-637-7771,,,,,,,,True,,,msredteam.onmicrosoft.com
Oling1949@msredteam.onmicrosoft.com,Phillips  Dorothy,Phillips,,Dorothy,b2af2869-babb-4bf7-9fb5-c5953fa3efb8,Member,Dental laboratory technician,,True,,3079 Jerry Dove Drive,,,,Bluffton,,843-415-8619,,,,,,,,True,,,msredteam.onmicrosoft.com
Exagavied@msredteam.onmicrosoft.com,Pinzon  Elizabeth,Pinzon,,Elizabeth,cb097346-4d88-49e6-8c03-aa9f4ff7a040,Member,Fire dispatcher,,True,,4056 Candlelight Drive,,,,Houston,,281-416-7079,,,,,,,,True,,,msredteam.onmicrosoft.com
Teuttlying@msredteam.onmicrosoft.com,Pittman  Linda,Pittman,,Linda,1a9c421d-c94e-45a3-b310-002c4a5b2aa2,Member,Simultaneous interpreter,,True,,48 Pineview Drive,,,,Mankato,,507-844-7512,,,,,,,,True,,,msredteam.onmicrosoft.com
Exchilliked@msredteam.onmicrosoft.com,Pitts  Dan,Pitts,,Dan,a655bb33-95f3-4dc5-8577-59add67d1c4f,Member,Human resources representative,,True,,4798 Oakwood Circle,,,,Irvine,,949-297-7187,,,,,,,,True,,,msredteam.onmicrosoft.com
Haring62@msredteam.onmicrosoft.com,Pope  Janet,Pope,,Janet,e0ef06cb-4430-4b69-9e96-5237d7e89b8b,Member,Water and wastewater treatment plant and system operator,,True,,3401 Woodlawn Drive,,,,Milwaukee,,414-716-5980,,,,,,,,True,,,msredteam.onmicrosoft.com
Shonserema@msredteam.onmicrosoft.com,Potter  Elizabeth,Potter,,Elizabeth,d8571a40-d6c2-4677-bad2-d7ff6b9956b1,Member,Maxillofacial radiologist,,True,,3304 Oakway Lane,,,,Reseda,,818-343-9622,,,,,,,,True,,,msredteam.onmicrosoft.com
Commayfuland@msredteam.onmicrosoft.com,Powell  Kate,Powell,,Kate,504b2db6-4ccb-4483-a18e-e84d7509b019,Member,Keypunch operator,,True,,2423 Harper Street,,,,Auburn,,270-542-3899,,,,,,,,True,,,msredteam.onmicrosoft.com
Veng1963@msredteam.onmicrosoft.com,Ramsey  Kenneth,Ramsey,,Kenneth,36cdcd73-8ef3-4dea-b3b0-7be5b9f12b30,Member,Tree pruner,,True,,3203 Yorkie Lane,,,,Midway,,912-884-5569,,,,,,,,True,,,msredteam.onmicrosoft.com
Shance@msredteam.onmicrosoft.com,Ray  Andrea,Ray,,Andrea,1029d4f7-6dbc-4480-8614-7dd7fce2d8dc,Member,Managing editor,,True,,350 Deer Ridge Drive,,,,Mountain View,,973-628-6413,,,,,,,,True,,,msredteam.onmicrosoft.com
Therommover@msredteam.onmicrosoft.com,Raymond  Ryan,Raymond,,Ryan,4624bc68-1523-417e-baee-3ee92d1acb99,Member,Judiciary interpreter,,True,,2073 D Street,,,,Bloomfield Township,,586-506-8387,,,,,,,,True,,,msredteam.onmicrosoft.com
Stalood@msredteam.onmicrosoft.com,Reed  Sandra,Reed,,Sandra,730bc363-24c9-410d-afbb-10981b0f5079,Member,Lawyer,,True,,1644 Steele Street,,,,Wood Dale,,630-735-9433,,,,,,,,True,,,msredteam.onmicrosoft.com
Fors1932@msredteam.onmicrosoft.com,Regis  Kimberly,Regis,,Kimberly,721e8334-f80a-4004-af32-c3dc1adc7ce9,Member,Archaeologist,,True,,4640 Douglas Dairy Road,,,,Wytheville,,276-724-0014,,,,,,,,True,,,msredteam.onmicrosoft.com
Alubly@msredteam.onmicrosoft.com,Rendon  Daniel,Rendon,,Daniel,25b23426-0150-4304-b48f-ff07d1fb2c75,Member,Choke setter,,True,,3631 Pennsylvania Avenue,,,,New Brunswick,,732-384-5390,,,,,,,,True,,,msredteam.onmicrosoft.com
Fastore@msredteam.onmicrosoft.com,Rhoades  Violet,Rhoades,,Violet,6b382b9e-80ce-4b3d-bda7-7eedc7db5f1f,Member,"Textile winding, twisting, and drawing out machine operator",,True,,1331 Joanne Lane,,,,Boston,,978-513-8698,,,,,,,,True,,,msredteam.onmicrosoft.com
Oloplath1993@msredteam.onmicrosoft.com,Rhodes  Sylvia,Rhodes,,Sylvia,36ab4a97-d67b-4d7a-9c84-117ef9db08d1,Member,Cement mason,,True,,4932 Brannon Street,,,,Los Angeles,,213-339-2021,,,,,,,,True,,,msredteam.onmicrosoft.com
Noren1932@msredteam.onmicrosoft.com,Rich  Mark,Rich,,Mark,fe3360fc-f9a5-4ff1-833c-cf00e8bdae3e,Member,Air traffic controller,,True,,4647 Ford Street,,,,Santa Clara,,408-450-4887,,,,,,,,True,,,msredteam.onmicrosoft.com
Wayboodying@msredteam.onmicrosoft.com,Richardson  Omar,Richardson,,Omar,b5fabb5f-dc1f-4c88-8a35-3263a8fd63ed,Member,Labor trainer,,True,,4367 Elk City Road,,,,Indianapolis,,317-956-0735,,,,,,,,True,,,msredteam.onmicrosoft.com
Twessight@msredteam.onmicrosoft.com,Riggins  Edward,Riggins,,Edward,2e822e8b-27ef-476c-9da8-9e01668b05cb,Member,Benefits administrator,,True,,675 Bryan Avenue,,,,Minneapolis,,651-285-7186,,,,,,,,True,,,msredteam.onmicrosoft.com
Vaide1949@msredteam.onmicrosoft.com,Ritter  Tina,Ritter,,Tina,28298698-8cdf-4d20-9b37-ab6e243e4b28,Member,Server,,True,,2294 Moore Avenue,,,,Fort Worth,,817-763-7392,,,,,,,,True,,,msredteam.onmicrosoft.com
Beentherize@msredteam.onmicrosoft.com,Rivera  Beverly,Rivera,,Beverly,44492fb2-cb0d-4bb7-9bba-bcf7543761bd,Member,Heavy vehicle and mobile equipment service technician,,True,,3507 Holly Street,,,,Dawsonville,,706-265-1018,,,,,,,,True,,,msredteam.onmicrosoft.com
Tooffer@msredteam.onmicrosoft.com,Rivera  Leona,Rivera,,Leona,0d145169-2191-420d-a2f3-399d04e2f9c4,Member,Land agent,,True,,470 Watson Lane,,,,Asheville,,828-808-7396,,,,,,,,True,,,msredteam.onmicrosoft.com
Sonfeaughe54@msredteam.onmicrosoft.com,Robertson  Yvonne,Robertson,,Yvonne,18f558a5-9075-46cf-a66a-f1b03ed68303,Member,Forensic technician,,True,,4573 Sweetwood Drive,,,,Denver,,303-385-1828,,,,,,,,True,,,msredteam.onmicrosoft.com
Himmathrely@msredteam.onmicrosoft.com,Robinson  Mary,Robinson,,Mary,920a1f7c-d846-43a9-aa4f-4f3e0f0b5e87,Member,Rail-track laying and maintenance equipment operator,,True,,2386 Golden Street,,,,Miami,,305-608-9202,,,,,,,,True,,,msredteam.onmicrosoft.com
Orameffees@msredteam.onmicrosoft.com,Robison  Stephanie,Robison,,Stephanie,0f434408-4a6c-4aff-a18a-2fd7f923eae9,Member,Credit checker,,True,,2270 Baker Avenue,,,,Roanoke,,817-890-4031,,,,,,,,True,,,msredteam.onmicrosoft.com
Olown1991@msredteam.onmicrosoft.com,Rollins  Thomas,Rollins,,Thomas,2f253882-f112-4be0-9b69-262a1b9271c1,Member,Employment manager,,True,,2203 White Lane,,,,Macon,,478-789-8711,,,,,,,,True,,,msredteam.onmicrosoft.com
Cous1975@msredteam.onmicrosoft.com,Rossi  Christopher,Rossi,,Christopher,a0e7d226-1d7a-4a24-b743-be5369fa01cc,Member,Secondary school teacher,,True,,1842 Berkley Street,,,,Plymouth Meeting,,484-883-2018,,,,,,,,True,,,msredteam.onmicrosoft.com
rjames@msredteam.onmicrosoft.com,Roy  James,Roy,rjames@msredteam.onmicrosoft.com,James,3a5dddd7-e7e6-4055-9732-d9efd066d33b,Member,Microbiology technologist,,True,DO,1732 Pine Street,,,,Sewickley,,724-328-8531,,,,,,,,True,,,msredteam.onmicrosoft.com
Mous1966@msredteam.onmicrosoft.com,Roy  Leo,Roy,,Leo,4403253e-2a2e-4e8f-ae92-9222dcc648ff,Member,Food service manager,,True,,2909 Woodrow Way,,,,Houston,,936-308-1984,,,,,,,,True,,,msredteam.onmicrosoft.com
Histeland1942@msredteam.onmicrosoft.com,Rubenstein  Lisa,Rubenstein,,Lisa,145baccc-8593-47f0-8a9e-2dcbaa7070ed,Member,Operations analyst,,True,,3439 Frum Street,,,,Lavergne,,615-287-4006,,,,,,,,True,,,msredteam.onmicrosoft.com
Thisil@msredteam.onmicrosoft.com,Rush  Amanda,Rush,,Amanda,b21fd3a9-5905-4e42-a2cd-cc639b45b037,Member,Floor broker,,True,,2948 Apple Lane,,,,Peoria,,309-250-3849,,,,,,,,True,,,msredteam.onmicrosoft.com
Rundepress@msredteam.onmicrosoft.com,Santillanes  Elaine,Santillanes,,Elaine,162bc244-115c-403c-8ad9-1208c80eb3e7,Member,Skills training coordinator,,True,,1387 Sardis Sta,,,,Weatherford,,817-596-6864,,,,,,,,True,,,msredteam.onmicrosoft.com
Offard@msredteam.onmicrosoft.com,Schafer  Fred,Schafer,,Fred,82bd58d8-dc15-43b0-b50d-827a2108a011,Member,Employment assistant,,True,,2479 Cottonwood Lane,,,,Grand Rapids,,616-316-4580,,,,,,,,True,,,msredteam.onmicrosoft.com
Occe1937@msredteam.onmicrosoft.com,Scott  Kimberly,Scott,,Kimberly,389daae2-0071-4a30-96e6-0949aff974cf,Member,Revenue agent,,True,,1360 Broadcast Drive,,,,Arlington,,703-979-1692,,,,,,,,True,,,msredteam.onmicrosoft.com
Mosty1969@msredteam.onmicrosoft.com,Scott  Lillian,Scott,,Lillian,ad87a4e6-6713-4bfe-aac3-fc3dfc849574,Member,Automotive glass repairer,,True,,4145 Woodhill Avenue,,,,Pikesville,,410-764-8417,,,,,,,,True,,,msredteam.onmicrosoft.com
Caceneviver@msredteam.onmicrosoft.com,Scott  Ralph,Scott,,Ralph,4df07e99-1c10-43a7-9c0e-deaf2f782f58,Member,Mental health social worker,,True,,4374 Morris Street,,,,Poteet,,830-276-8933,,,,,,,,True,,,msredteam.onmicrosoft.com
Saidess@msredteam.onmicrosoft.com,Scott  Shirley,Scott,,Shirley,022d29ff-549b-4011-a8a3-0b8fa7f4f89b,Member,Chemist,,True,,2424 Hornor Avenue,,,,Mcalester,,918-423-4157,,,,,,,,True,,,msredteam.onmicrosoft.com
Peat1942@msredteam.onmicrosoft.com,Sharp  Jonathan,Sharp,,Jonathan,5d996954-c1ee-410e-9aa3-1f717cb45413,Member,Chemical engineer,,True,,1772 Bastin Drive,,,,Newark,,484-683-6816,,,,,,,,True,,,msredteam.onmicrosoft.com
Beffspinget@msredteam.onmicrosoft.com,Shaw  Alma,Shaw,,Alma,6e759820-00d4-4ad9-94cf-469c7ac1068e,Member,Respiratory therapy technician,,True,,1630 Jehovah Drive,,,,Mill Gap,,540-499-8870,,,,,,,,True,,,msredteam.onmicrosoft.com
Buthrel@msredteam.onmicrosoft.com,Shaw  Catherine,Shaw,,Catherine,800e832d-ceac-4c7b-956c-b878134514b8,Member,Conservation forester,,True,,3248 Romano Street,,,,Braintree,,781-380-0697,,,,,,,,True,,,msredteam.onmicrosoft.com
Ovents@msredteam.onmicrosoft.com,Sheets  Michael,Sheets,,Michael,418b26e2-437a-4873-8b38-c62a2e1a83a8,Member,Life skill counselor,,True,,38 Holden Street,,,,San Diego,,619-275-4170,,,,,,,,True,,,msredteam.onmicrosoft.com
Gaince@msredteam.onmicrosoft.com,Shelton  Kathy,Shelton,,Kathy,af4e8e49-1cd4-4ee8-8a2a-0f6ae7e65c18,Member,Critical care nurse,,True,,440 Powder House Road,,,,Lake Worth,,561-603-8735,,,,,,,,True,,,msredteam.onmicrosoft.com
Thavince@msredteam.onmicrosoft.com,Shin  Marsha,Shin,,Marsha,68cd99d4-a2a5-4a65-9ed7-1043440b4240,Member,Student affairs administrator,,True,,653 Thompson Drive,,,,San Leandro,,510-347-2967,,,,,,,,True,,,msredteam.onmicrosoft.com
Whorwalkeem@msredteam.onmicrosoft.com,Sims  Shirley,Sims,,Shirley,909a41ae-2077-4fbd-9ac7-e02565785337,Member,Real-time captioner,,True,,3626 Olive Street,,,,Toledo,,419-309-2009,,,,,,,,True,,,msredteam.onmicrosoft.com
Pentlese@msredteam.onmicrosoft.com,Skelton  Frances,Skelton,,Frances,6a97c938-13ef-45c8-9e17-2115c75dad8f,Member,Payroll assistant,,True,,2158 Edgewood Road,,,,Memphis,,901-238-7281,,,,,,,,True,,,msredteam.onmicrosoft.com
Wartiman@msredteam.onmicrosoft.com,Smiley  Ryan,Smiley,,Ryan,db3773bd-82fe-4cdc-a379-18ff63b2a883,Member,Sewage treatment plant operator,,True,,3713 Progress Way,,,,Cedar Rapids,,319-861-3798,,,,,,,,True,,,msredteam.onmicrosoft.com
Noust1985@msredteam.onmicrosoft.com,Smith  Alex,Smith,,Alex,b236e195-3ed0-4ead-ba55-1b09fef6c2b6,Member,Marble setter,,True,,525 Mulberry Street,,,,Nacogdoches,,936-568-7139,,,,,,,,True,,,msredteam.onmicrosoft.com
Fortubjew1937@msredteam.onmicrosoft.com,Smith  Charles,Smith,,Charles,bdd89129-4047-4289-b33f-cfce5a2e6b06,Member,Manager,,True,,43 West Street,,,,Clarksville,,616-693-8678,,,,,,,,True,,,msredteam.onmicrosoft.com
Ween1937@msredteam.onmicrosoft.com,Smith  Christine,Smith,,Christine,e5e1ef99-e626-4935-adff-422990a651a5,Member,Log mover,,True,,2019 Pinewood Avenue,,,,Stephenson,,906-826-2219,,,,,,,,True,,,msredteam.onmicrosoft.com
Antiou@msredteam.onmicrosoft.com,Smith  Loren,Smith,,Loren,d4049693-4d5a-46c0-8b23-06399a609d71,Member,Medical doctor,,True,,3925 Buck Drive,,,,Salt Lake City,,801-954-4164,,,,,,,,True,,,msredteam.onmicrosoft.com
Ablemody@msredteam.onmicrosoft.com,Smith  Melissa,Smith,,Melissa,3ebd7cd6-1d4e-4b2f-9e19-1483116cbd6c,Member,Record clerk,,True,,463 Heron Way,,,,Portland,,503-797-3348,,,,,,,,True,,,msredteam.onmicrosoft.com
Witherrom@msredteam.onmicrosoft.com,Smith  Sheryl,Smith,,Sheryl,057b8b36-38fe-4bd0-9b0f-c923c2c5fb4a,Member,LAN manager,,True,,1739 Clinton Street,,,,Eagleville,,484-955-7503,,,,,,,,True,,,msredteam.onmicrosoft.com
Opintuff@msredteam.onmicrosoft.com,Snyder  Juan,Snyder,,Juan,13a4774b-a6b1-41eb-84dd-0e695cd0046d,Member,Mine examiner,,True,,4471 Godfrey Street,,,,Portland,,503-604-7990,,,,,,,,True,,,msredteam.onmicrosoft.com
Composidand@msredteam.onmicrosoft.com,Spinks  Jason,Spinks,,Jason,46f282ac-1956-4335-a656-48392069acc2,Member,Brace maker,,True,,1015 Traction Street,,,,Spartanburg,,864-574-1259,,,,,,,,True,,,msredteam.onmicrosoft.com
Brithinew@msredteam.onmicrosoft.com,Spriggs  Tanya,Spriggs,,Tanya,1e5a3d59-809e-45d2-b625-c023843e96d8,Member,Front desk clerk,,True,,4915 Saint James Drive,,,,York,,717-434-0753,,,,,,,,True,,,msredteam.onmicrosoft.com
sqlservice@msredteam.onmicrosoft.com,sqlservice  sqlservice,sqlservice,,sqlservice,f6966314-0dcb-46d3-b0d0-5739d389ff34,Member,Broadcast captioner,,True,,2944 River Road,,,,Pueblo,,719-562-0448,,,,,,,,True,,,msredteam.onmicrosoft.com
Valinarts@msredteam.onmicrosoft.com,Stach  Nellie,Stach,,Nellie,622411f3-06ca-4236-bd4f-2878157fb9da,Member,Baggage porter,,True,,4665 Thunder Road,,,,Palo Alto,,650-493-9116,,,,,,,,True,,,msredteam.onmicrosoft.com
Knotlexcel@msredteam.onmicrosoft.com,Stocking  Rick,Stocking,,Rick,d15cf9b9-d5d7-46e8-8b66-953560da4c76,Member,Brokerage sales assistant,,True,,232 Duff Avenue,,,,Cornwall,,802-462-6495,,,,,,,,True,,,msredteam.onmicrosoft.com
thomas@msredteam.onmicrosoft.com,Stonecipher  Thomas,Stonecipher,,Thomas,a7f8560d-84be-41ea-a766-c6855793cee9,Member,Nurse practitioner,,True,,4798 University Street,,,,Seattle,,206-357-7570,,,,,,,,True,,,msredteam.onmicrosoft.com
Causat@msredteam.onmicrosoft.com,Suarez  Timothy,Suarez,,Timothy,3c4e67eb-4c7f-4b54-b74c-84ba6a7cc310,Member,Model maker,,True,,4516 Lincoln Drive,,,,Leola,,717-656-4834,,,,,,,,True,,,msredteam.onmicrosoft.com
Regaserig@msredteam.onmicrosoft.com,Sullivan  Robert,Sullivan,,Robert,79758909-d621-4405-b7e4-3e590ee73561,Member,Interviewer,,True,,1936 Marcus Street,,,,Birmingham,,256-622-8672,,,,,,,,True,,,msredteam.onmicrosoft.com
Hatly1986@msredteam.onmicrosoft.com,Sykes  Ricky,Sykes,,Ricky,152bfb0b-980a-4892-84b6-11854600606c,Member,Coil taper,,True,,3024 Melody Lane,,,,Dinwiddie,,804-469-8771,,,,,,,,True,,,msredteam.onmicrosoft.com
admin@msredteam.onmicrosoft.com,System Administrator,Administrator,admin@msredteam.onmicrosoft.com,System,2cff0b0a-9e9c-4605-b369-06214b298372,Member,,,True,DO,,,DO,,,,8006427676,425-882-1032,juurena@microsoft.com,,,,,,,,,msredteam.onmicrosoft.com
Strught@msredteam.onmicrosoft.com,Tasker  Darlene,Tasker,,Darlene,6dfa07d5-7c95-4d3a-9e01-f15c151eade4,Member,Clinical nurse specialist,,True,,882 Abner Road,,,,Wausau,,715-348-4620,,,,,,,,True,,,msredteam.onmicrosoft.com
Frooke@msredteam.onmicrosoft.com,Tate  Clyde,Tate,,Clyde,01bc4674-59c0-4f9f-8b18-803bc8c9ca76,Member,Personnel technician,,True,,2753 Chipmunk Lane,,,,Portland,,207-253-8320,,,,,,,,True,,,msredteam.onmicrosoft.com
Amatc1973@msredteam.onmicrosoft.com,Taylor  Kim,Taylor,,Kim,701a6e67-2ac2-436c-9cc6-b6a820acb6af,Member,Color printer operator,,True,,1703 Pineview Drive,,,,Comfrey,,507-877-6545,,,,,,,,True,,,msredteam.onmicrosoft.com
Congly@msredteam.onmicrosoft.com,Tejeda  Edward,Tejeda,,Edward,b7276c37-ff7e-428b-9a77-cdaa0b0108d5,Member,"Painting, coating, and decorating worker",,True,,4560 Upton Avenue,,,,Liberty,,207-845-6566,,,,,,,,True,,,msredteam.onmicrosoft.com
Sionsay1938@msredteam.onmicrosoft.com,Thies  Timothy,Thies,,Timothy,fe9a4ef4-3a3c-47a6-8410-10791849f21f,Member,Developmental disabilities nurse,,True,,3813 Berkley Street,,,,Philadelphia,,484-922-7078,,,,,,,,True,,,msredteam.onmicrosoft.com
Peartrut@msredteam.onmicrosoft.com,Thomas  Jorge,Thomas,,Jorge,7cc5ebcc-f6ef-4bf0-a666-ab4ebfa36e8c,Member,Mail superintendent,,True,,2375 Jones Avenue,,,,Winston Salem,,336-784-7239,,,,,,,,True,,,msredteam.onmicrosoft.com
Patia1962@msredteam.onmicrosoft.com,Thomas  Ryan,Thomas,,Ryan,3c1cd942-f0ca-4d88-8cce-e18e30f9e899,Member,Meteorologist,,True,,4385 Long Street,,,,Ocala,,352-266-8786,,,,,,,,True,,,msredteam.onmicrosoft.com
Nowbod67@msredteam.onmicrosoft.com,Thomas  Thelma,Thomas,,Thelma,313d1b9f-06c7-4fb7-bdc8-c06a3b0c97d3,Member,Heat treating equipment tender,,True,,3708 Lauren Drive,,,,Madison,,608-441-1735,,,,,,,,True,,,msredteam.onmicrosoft.com
Puter1997@msredteam.onmicrosoft.com,Thompson  Brent,Thompson,,Brent,388a1ddb-e2d0-4e18-9099-281de540de8b,Member,Surgeons,,True,,2424 Bottom Lane,,,,Brocton,,716-792-7555,,,,,,,,True,,,msredteam.onmicrosoft.com
Calway@msredteam.onmicrosoft.com,Tilley  Lura,Tilley,,Lura,d7988595-2dce-4fad-bf4a-725941de00eb,Member,Water transportation master,,True,,930 Fowler Avenue,,,,Norcross,,770-256-0323,,,,,,,,True,,,msredteam.onmicrosoft.com
Eatursess@msredteam.onmicrosoft.com,Timmons  Melissa,Timmons,,Melissa,1a0df489-727d-41ac-bd92-6871f32e6cf5,Member,Legal assistant,,True,,1957 Alexander Avenue,,,,Oakland,,925-670-9603,,,,,,,,True,,,msredteam.onmicrosoft.com
Annital@msredteam.onmicrosoft.com,Tolman  Michael,Tolman,,Michael,28f3884a-7057-459b-a487-baa28c5f339b,Member,Plant manager,,True,,510 Prospect Street,,,,Camden,,856-685-0536,,,,,,,,True,,,msredteam.onmicrosoft.com
Pariz1977@msredteam.onmicrosoft.com,Torres  George,Torres,,George,66b8476f-94dd-46f3-a48d-c334dab36640,Member,Aircraft structure assembler,,True,,1298 Maple Street,,,,Los Angeles,,714-410-2919,,,,,,,,True,,,msredteam.onmicrosoft.com
Theirm@msredteam.onmicrosoft.com,Trimmer  Cheryl,Trimmer,,Cheryl,f9ea292e-976b-4e1a-9585-a745ffc3fe59,Member,Staff manager,,True,,1150 John Daniel Drive,,,,Boss,,573-626-5811,,,,,,,,True,,,msredteam.onmicrosoft.com
Aguebout@msredteam.onmicrosoft.com,Trussell  Eva,Trussell,,Eva,cf8fcf59-6649-405a-a2bb-3dd5ab1bba6d,Member,Poultry cutter,,True,,1584 Poplar Street,,,,Chicago,,708-796-6162,,,,,,,,True,,,msredteam.onmicrosoft.com
Memneat46@msredteam.onmicrosoft.com,Turner  Charles,Turner,,Charles,1db7daf6-0b3b-496f-baac-0402d0514270,Member,Benefits clerk,,True,,1071 Francis Mine,,,,Sacramento,,530-285-2810,,,,,,,,True,,,msredteam.onmicrosoft.com
Ouldn1996@msredteam.onmicrosoft.com,Turner  Rick,Turner,,Rick,1287d18b-19e7-4ab6-9884-da8216fc04d6,Member,Linemen,,True,,3297 Froe Street,,,,Smithfield,,304-334-4441,,,,,,,,True,,,msredteam.onmicrosoft.com
Whictopis@msredteam.onmicrosoft.com,Vallo  Lawrence,Vallo,,Lawrence,c0283a28-25f5-47e1-8c7a-18105f66c2a5,Member,Auxiliary equipment operator,,True,,470 Steve Hunt Road,,,,Orlando,,305-813-7292,,,,,,,,True,,,msredteam.onmicrosoft.com
Beave1956@msredteam.onmicrosoft.com,Vangorder  Ryan,Vangorder,,Ryan,734dc9df-9b33-4e68-801a-5b6bd91ae95f,Member,"Painting, coating, and decorating worker",,True,,3489 Bedford Street,,,,North Haven,,203-985-5799,,,,,,,,True,,,msredteam.onmicrosoft.com
Cocestrable@msredteam.onmicrosoft.com,Vinson  Arnold,Vinson,,Arnold,9e8fca3f-0848-41e1-856b-2f38fd4eec14,Member,Psychiatric technician,,True,,2464 D Street,,,,Detroit,,586-360-5681,,,,,,,,True,,,msredteam.onmicrosoft.com
Gines1965@msredteam.onmicrosoft.com,Vinson  Kim,Vinson,,Kim,931625bb-de89-4891-9a81-a2a344741c05,Member,"Shipping, receiving, and traffic clerk",,True,,4362 Anmoore Road,,,,Queens,,718-726-8769,,,,,,,,True,,,msredteam.onmicrosoft.com
Cancersten38@msredteam.onmicrosoft.com,Waldman  Danny,Waldman,,Danny,766b3322-a931-4d22-812d-a3ab0d5dbbd5,Member,Teacher assistant,,True,,1960 Poco Mas Drive,,,,Dallas,,214-466-8548,,,,,,,,True,,,msredteam.onmicrosoft.com
Seliffe@msredteam.onmicrosoft.com,Walker  Brett,Walker,,Brett,176a1992-2cda-4548-b26e-7bf64964b732,Member,Laboratory animal technologist,,True,,4208 Jennifer Lane,,,,Durham,,919-484-2940,,,,,,,,True,,,msredteam.onmicrosoft.com
Ravize@msredteam.onmicrosoft.com,Walker  Shelley,Walker,,Shelley,ddde0de7-7341-46fb-b77e-cce1f065a56c,Member,Tax accountant,,True,,1674 Green Gate Lane,,,,Easton,,443-736-1124,,,,,,,,True,,,msredteam.onmicrosoft.com
Tonglemus@msredteam.onmicrosoft.com,Ware  Patricia,Ware,,Patricia,d9813d9f-8e4a-4c86-9b24-d414e6be12cc,Member,Podiatrist,,True,,2978 Echo Lane,,,,Hopkins,,269-793-8784,,,,,,,,True,,,msredteam.onmicrosoft.com
Butivene@msredteam.onmicrosoft.com,Weir  Mandy,Weir,,Mandy,29accea4-b22f-44a8-957a-11cfd21c6266,Member,Reservation and transportation travel clerk,,True,,4777 Moore Avenue,,,,Grapevine,,817-778-4039,,,,,,,,True,,,msredteam.onmicrosoft.com
Scove1950@msredteam.onmicrosoft.com,Weiss  Darrell,Weiss,,Darrell,82a26eca-b887-43c7-bc0d-69c25f9aa89c,Member,Medicinal chemist,,True,,2192 Alexander Avenue,,,,San Francisco,,925-694-8907,,,,,,,,True,,,msredteam.onmicrosoft.com
Witalarry@msredteam.onmicrosoft.com,Wheeler  Richard,Wheeler,,Richard,dfd99724-f346-4ae0-803b-76d38d0bb036,Member,Music arranger,,True,,3771 Stark Hollow Road,,,,Centennial,,970-988-5835,,,,,,,,True,,,msredteam.onmicrosoft.com
Aftervare@msredteam.onmicrosoft.com,Whiting  Ruth,Whiting,,Ruth,f63c5e2e-6dec-4850-8d72-1e624743bced,Member,Soil scientist,,True,,1808 Custer Street,,,,State College,,814-850-2456,,,,,,,,True,,,msredteam.onmicrosoft.com
Histook@msredteam.onmicrosoft.com,Whitmer  Albert,Whitmer,,Albert,2994835d-03f4-4b85-8614-a1a95a874da2,Member,Biometrician,,True,,3102 Virgil Street,,,,Lynn Haven,,850-277-7612,,,,,,,,True,,,msredteam.onmicrosoft.com
Hattertion@msredteam.onmicrosoft.com,Williams  Sara,Williams,,Sara,5bc34589-4808-414b-b662-49c38c178419,Member,Fish cutter,,True,,4832 Randolph Street,,,,Framingham,,508-683-4921,,,,,,,,True,,,msredteam.onmicrosoft.com
Sidlits@msredteam.onmicrosoft.com,Williamson  Tessie,Williamson,,Tessie,c0b48615-bb51-47dd-a0f4-72c31ffca6bf,Member,Automotive body and related repairer,,True,,3599 Viking Drive,,,,Columbus,,740-813-3640,,,,,,,,True,,,msredteam.onmicrosoft.com
Tiour1943@msredteam.onmicrosoft.com,Willis  Michael,Willis,,Michael,20d6559c-ed43-4ae7-9ccb-64112b70d675,Member,Auxiliary equipment operator,,True,,4519 Coal Road,,,,Pittston,,570-578-4997,,,,,,,,True,,,msredteam.onmicrosoft.com
Begarly@msredteam.onmicrosoft.com,Willis  Teresa,Willis,,Teresa,bb62eca7-743e-4978-9be6-d22bd09455af,Member,Water resources engineer,,True,,558 Ashford Drive,,,,Ashburn,,703-724-0326,,,,,,,,True,,,msredteam.onmicrosoft.com
Whards@msredteam.onmicrosoft.com,Wilson  Claudia,Wilson,,Claudia,372ddcb1-f5ed-4792-bbec-577aeb102ddd,Member,Vegetable cook,,True,,1218 Lightning Point Drive,,,,Memphis,,901-524-9291,,,,,,,,True,,,msredteam.onmicrosoft.com
Sinvisithe@msredteam.onmicrosoft.com,Wilson  Roy,Wilson,,Roy,f46b6b3c-b8cc-42af-b677-7e5e9878cf06,Member,Log sorter,,True,,4246 Cedar Street,,,,Hardy,,870-856-7775,,,,,,,,True,,,msredteam.onmicrosoft.com
Flught@msredteam.onmicrosoft.com,Wilt  Ruthe,Wilt,,Ruthe,00dd52d6-befa-43f9-a78d-8a13d6275203,Member,Control room assistant,,True,,1043 Woodrow Way,,,,Lufkin,,936-461-2438,,,,,,,,True,,,msredteam.onmicrosoft.com
Spinhe@msredteam.onmicrosoft.com,Wise  Maria,Wise,,Maria,6877f7e3-110c-4ca9-b790-c50f3d48abde,Member,Digital image processor,,True,,4292 Rardin Drive,,,,San Francisco,,650-689-6418,,,,,,,,True,,,msredteam.onmicrosoft.com
Fashate1966@msredteam.onmicrosoft.com,Wiseman  Trisha,Wiseman,,Trisha,95cdbe14-8639-4406-8f87-10d889b6a7f3,Member,Sewing machine operator,,True,,833 Snyder Avenue,,,,Matthews,,704-621-9552,,,,,,,,True,,,msredteam.onmicrosoft.com
Peon1965@msredteam.onmicrosoft.com,Wooten  Matthew,Wooten,,Matthew,d308c419-e0f5-47cd-b494-24824d69d660,Member,Urban and regional planner,,True,,3628 Indiana Avenue,,,,Lihue,,808-632-9541,,,,,,,,True,,,msredteam.onmicrosoft.com
Onsing81@msredteam.onmicrosoft.com,Wyatt  Willie,Wyatt,,Willie,10f8c32e-4513-4137-b2be-8a37a8f1b0cf,Member,Photogrammetrist,,True,,3078 Redbud Drive,,,,West Nyack,,347-712-7112,,,,,,,,True,,,msredteam.onmicrosoft.com
Thicaterfe@msredteam.onmicrosoft.com,Yazzie  Joshua,Yazzie,,Joshua,42803434-0c60-4626-9ef5-1d4b1141e1a3,Member,Social work assistant,,True,,457 Locust Street,,,,Grand Rapids,,231-204-0840,,,,,,,,True,,,msredteam.onmicrosoft.com
Seased@msredteam.onmicrosoft.com,York  Mary,York,,Mary,b21f1604-0c77-4a82-9e61-788c9d3ca896,Member,Accounts receivable clerk,,True,,794 Kerry Way,,,,Whittier,,562-777-6966,,,,,,,,True,,,msredteam.onmicrosoft.com
Thenexpecia@msredteam.onmicrosoft.com,Zell  Grace,Zell,,Grace,121d32e8-db33-45fb-a00f-08a06b8e8ff4,Member,Dot etcher,,True,,3409 Boggess Street,,,,Donnelsville,,937-882-3918,,,,,,,,True,,,msredteam.onmicrosoft.com
